id_var,variable,id_tur_var,turunan variable,2010,2011,2012,2013,2014,2015,2016,2017,2018,2019,2020,2021,2022,2023,2024
1100,ACEH,0,Tidak ada,67.09,67.45,67.81,68.3,68.81,69.45,70.0,70.6,71.19,71.9,71.99,72.18,72.8,73.4,74.03
1101,Simeulue,0,Tidak ada,60.6,61.03,61.25,61.68,62.18,63.16,63.82,64.41,64.74,65.7,66.03,66.41,67.27,68.06,69.01
1102,Aceh Singkil,0,Tidak ada,62.36,63.13,64.23,64.87,65.27,66.05,66.96,67.37,68.02,68.91,68.94,69.22,69.62,70.14,70.75
1103,Aceh Selatan,0,Tidak ada,61.22,61.52,61.69,62.27,62.35,63.28,64.13,65.03,65.92,66.9,67.12,67.44,67.87,68.44,69.1
1104,Aceh Tenggara,0,Tidak ada,63.82,64.27,64.99,65.55,65.9,66.77,67.48,68.09,68.67,69.36,69.37,69.44,70.32,71.05,71.7
1105,Aceh Timur,0,Tidak ada,61.75,62.35,62.93,63.27,63.57,64.55,65.42,66.32,66.82,67.39,67.63,67.83,68.72,69.32,69.87
1106,Aceh Tengah,0,Tidak ada,69.17,70.0,70.18,70.51,70.96,71.51,72.04,72.19,72.64,73.14,73.24,73.37,73.95,74.6,75.41
1107,Aceh Barat,0,Tidak ada,66.05,66.47,66.66,66.86,67.31,68.41,69.26,70.2,70.47,71.22,71.38,71.67,72.34,72.88,73.69
1108,Aceh Besar,0,Tidak ada,69.76,69.94,70.1,70.61,71.06,71.7,71.75,72.0,72.73,73.55,73.56,73.58,74.0,74.53,75.13
1109,Pidie,0,Tidak ada,66.75,66.95,67.3,67.59,67.87,68.68,69.06,69.52,69.93,70.41,70.63,70.7,71.2,71.66,72.31
1110,Bireuen,0,Tidak ada,66.42,67.03,67.57,68.23,68.71,69.77,70.21,71.11,71.37,72.27,72.28,72.33,73.16,73.63,74.45
1111,Aceh Utara,0,Tidak ada,63.56,64.22,64.82,65.36,65.93,66.85,67.19,67.67,68.36,69.22,69.33,69.46,70.22,70.87,71.7
1112,Aceh Barat Daya,0,Tidak ada,60.91,61.75,62.15,62.62,63.08,63.77,64.57,65.09,65.67,66.56,66.75,66.99,67.41,68.07,68.75
1113,Gayo Lues,0,Tidak ada,60.93,61.91,62.85,63.22,63.34,63.67,64.26,65.01,65.88,66.87,67.22,67.56,68.25,68.93,69.83
1114,Aceh Tamiang,0,Tidak ada,64.67,64.89,65.21,65.56,66.09,67.03,67.41,67.99,68.45,69.23,69.24,69.48,70.43,71.35,72.32
1115,Nagan Raya,0,Tidak ada,63.57,64.24,64.91,65.23,65.58,66.73,67.32,67.78,68.15,69.11,69.18,69.31,70.1,70.78,71.72
1116,Aceh Jaya,0,Tidak ada,64.75,65.17,66.42,66.92,67.3,67.53,67.7,68.07,68.83,69.74,69.75,69.84,70.36,70.88,71.83
1117,Bener Meriah,0,Tidak ada,67.29,68.24,69.14,69.74,70.0,70.62,71.42,71.89,72.14,72.97,72.98,73.27,73.9,74.49,75.01
1118,Pidie Jaya,0,Tidak ada,68.38,68.69,68.9,69.26,69.89,70.49,71.13,71.73,72.12,72.87,73.2,73.6,74.34,74.8,75.16
1171,Kota Banda Aceh,0,Tidak ada,80.36,80.87,81.3,81.84,82.22,83.25,83.73,83.95,84.37,85.07,85.41,85.71,86.28,86.69,87.17
1172,Kota Sabang,0,Tidak ada,69.7,70.15,70.84,71.07,71.5,72.51,73.36,74.1,74.82,75.77,75.78,76.11,76.85,77.52,78.32
1173,Kota Langsa,0,Tidak ada,71.79,72.15,72.75,73.4,73.81,74.74,75.41,75.89,76.34,77.16,77.17,77.44,77.82,78.36,78.81
1174,Kota Lhokseumawe,0,Tidak ada,71.55,72.35,73.55,74.13,74.44,75.11,75.78,76.34,76.62,77.3,77.31,77.57,78.04,78.92,79.55
1175,Kota Subulussalam,0,Tidak ada,58.97,59.34,59.76,60.11,60.39,61.32,62.18,62.88,63.48,64.46,64.93,65.27,66.2,67.1,68.04
1200,SUMATERA UTARA,0,Tidak ada,67.09,67.34,67.74,68.36,68.87,69.51,70.0,70.57,71.18,71.74,71.77,72.0,72.71,73.37,74.02
1201,Nias,0,Tidak ada,54.72,55.55,56.5,57.43,57.98,58.85,59.75,60.21,60.82,61.65,61.93,62.74,63.69,64.56,65.55
1202,Mandailing Natal,0,Tidak ada,60.76,61.6,62.26,62.91,63.42,63.99,64.55,65.13,65.83,66.52,66.79,67.19,68.05,68.56,69.33
1203,Tapanuli Selatan,0,Tidak ada,64.2,65.14,65.95,66.75,67.22,67.63,68.04,68.69,69.1,69.75,70.12,70.33,70.92,71.55,72.14
1204,Tapanuli Tengah,0,Tidak ada,64.39,65.16,65.43,65.64,66.16,67.06,67.27,67.96,68.27,68.86,69.23,69.61,70.31,70.91,71.52
1205,Tapanuli Utara,0,Tidak ada,68.43,69.24,69.83,70.5,70.7,71.32,71.96,72.38,72.91,73.33,73.47,73.76,74.14,74.65,75.23
1206,Toba Samosir / Toba,0,Tidak ada,70.9,71.39,71.89,72.36,72.79,73.4,73.61,73.87,74.48,74.92,75.16,75.39,75.96,76.38,76.91
1207,Labuhan Batu,0,Tidak ada,66.88,67.88,68.64,69.45,70.06,70.23,70.5,71.0,71.39,71.94,72.01,72.09,72.92,73.69,74.18
1208,Asahan,0,Tidak ada,65.06,65.87,66.23,66.58,67.51,68.4,68.71,69.1,69.49,69.92,70.29,70.49,71.13,71.56,72.09
1209,Simalungun,0,Tidak ada,68.8,69.03,69.79,70.28,70.89,71.24,71.48,71.83,72.49,72.98,73.25,73.4,73.77,74.29,74.97
1210,Dairi,0,Tidak ada,65.91,66.62,66.95,67.15,67.91,69.0,69.61,70.36,70.89,71.42,71.57,71.84,72.56,73.27,73.92
1211,Karo,0,Tidak ada,70.36,71.12,71.4,71.62,71.84,72.69,73.29,73.53,73.91,74.25,74.43,74.83,75.36,75.98,76.55
1212,Deli Serdang,0,Tidak ada,70.06,70.25,70.88,71.39,71.98,72.79,73.51,73.94,74.92,75.43,75.44,75.53,76.19,76.52,76.92
1213,Langkat,0,Tidak ada,64.57,65.77,66.18,67.17,68.0,68.53,69.13,69.82,70.27,70.76,71.0,71.35,71.86,72.21,72.73
1214,Nias Selatan,0,Tidak ada,54.54,55.5,55.97,56.78,57.78,58.74,59.14,59.85,60.75,61.59,61.89,62.35,63.17,64.12,65.02
1215,Humbang Hasundutan,0,Tidak ada,63.4,64.06,64.54,64.92,65.59,66.03,66.56,67.3,67.96,68.83,68.87,69.41,70.32,70.75,71.59
1216,Pakpak Bharat,0,Tidak ada,61.76,63.11,63.88,64.73,65.06,65.53,65.81,66.25,66.63,67.47,67.59,67.94,68.85,69.58,70.36
1217,Samosir,0,Tidak ada,65.14,65.81,66.31,66.8,67.8,68.43,68.82,69.43,69.99,70.55,70.63,70.83,71.67,72.08,72.88
1218,Serdang Bedagai,0,Tidak ada,64.67,65.28,66.14,67.11,67.78,68.01,68.77,69.16,69.69,70.21,70.24,70.56,71.21,71.75,72.47
1219,Batu Bara,0,Tidak ada,63.45,63.95,64.45,65.06,65.5,66.02,66.69,67.2,67.67,68.35,68.36,68.58,69.51,70.31,70.83
1220,Padang Lawas Utara,0,Tidak ada,64.25,65.22,65.65,66.13,66.5,67.35,68.05,68.34,68.77,69.29,69.85,70.11,70.93,71.63,72.32
1221,Padang Lawas,0,Tidak ada,62.45,63.28,64.05,64.62,65.5,65.99,66.23,66.82,67.59,68.16,68.25,68.64,69.58,70.34,71.27
1222,Labuhan Batu Selatan,0,Tidak ada,65.32,65.77,67.06,67.78,68.59,69.67,70.28,70.48,70.98,71.39,71.4,71.69,72.16,72.82,73.67
1223,Labuhan Batu Utara,0,Tidak ada,66.72,67.37,67.84,68.28,69.15,69.69,70.26,70.79,71.08,71.43,71.61,71.87,72.77,73.63,74.4
1224,Nias Utara,0,Tidak ada,,57.53,57.87,58.29,59.18,59.88,60.23,60.57,61.08,61.98,62.36,62.82,63.75,64.64,65.62
1225,Nias Barat,0,Tidak ada,,55.43,56.2,56.58,57.54,58.25,59.03,59.56,60.42,61.14,61.51,61.99,62.93,63.7,64.67
1271,Kota Sibolga,0,Tidak ada,68.37,69.17,69.71,70.45,71.01,71.64,72.0,72.28,72.65,73.41,73.63,73.94,74.74,75.2,75.66
1272,Kota Tanjung Balai,0,Tidak ada,63.47,64.13,64.89,65.4,66.05,66.74,67.09,67.41,68.0,68.51,68.65,68.94,69.86,70.59,71.1
1273,Kota Pematang Siantar,0,Tidak ada,72.52,73.61,74.51,75.05,75.83,76.34,76.9,77.54,77.88,78.57,78.75,79.17,79.7,80.46,81.17
1274,Kota Tebing Tinggi,0,Tidak ada,69.96,70.84,71.34,71.85,72.13,72.81,73.58,73.9,74.5,75.08,75.17,75.42,76.17,76.98,77.45
1275,Kota Medan,0,Tidak ada,77.02,77.54,77.78,78.0,78.26,78.87,79.34,79.98,80.65,80.97,80.98,81.21,81.76,82.19,82.76
1276,Kota Binjai,0,Tidak ada,70.54,70.85,71.54,72.02,72.55,73.81,74.11,74.65,75.21,75.89,75.89,76.01,76.95,77.6,78.1
1277,Kota Padangsidimpuan,0,Tidak ada,70.23,71.08,71.38,71.68,71.88,72.8,73.42,73.81,74.38,75.06,75.22,75.48,76.05,76.44,76.96
1278,Kota Gunungsitoli,0,Tidak ada,,63.71,64.34,65.25,65.91,66.41,66.85,67.68,68.33,69.3,69.31,69.61,70.23,70.68,71.41
1300,SUMATERA BARAT,0,Tidak ada,67.25,67.81,68.36,68.91,69.36,69.98,70.73,71.24,71.73,72.39,72.38,72.65,73.26,73.75,74.49
1301,Kepulauan Mentawai,0,Tidak ada,55.66,55.9,56.1,56.33,56.73,57.41,58.27,59.25,60.28,61.26,61.09,61.35,62.19,63.13,63.99
1302,Pesisir Selatan,0,Tidak ada,65.09,65.8,66.49,67.31,67.75,68.07,68.39,68.74,69.4,70.08,69.9,70.03,70.84,71.44,72.02
1303,Solok,0,Tidak ada,64.53,65.28,65.62,66.15,66.44,67.12,67.67,67.86,68.6,69.08,69.08,69.24,70.02,70.63,71.02
1304,Sijunjung,0,Tidak ada,62.51,62.92,63.7,64.48,64.95,65.3,66.01,66.6,66.97,67.66,67.74,67.86,68.69,69.65,70.23
1305,Tanah Datar,0,Tidak ada,66.47,66.92,67.29,68.12,68.51,69.49,70.11,70.37,71.25,72.14,72.33,72.46,73.29,73.98,74.9
1306,Padang Pariaman,0,Tidak ada,65.16,65.89,66.2,67.15,67.56,68.04,68.44,68.9,69.71,70.59,70.61,70.76,71.63,72.61,73.1
1307,Agam,0,Tidak ada,66.12,66.94,67.95,68.73,69.32,69.84,70.36,71.1,71.7,72.37,72.46,72.57,73.29,73.98,74.66
1308,Lima Puluh Kota,0,Tidak ada,64.64,65.2,65.87,66.3,66.78,67.65,68.37,68.69,69.17,69.67,69.47,69.68,70.28,70.7,71.14
1309,Pasaman,0,Tidak ada,60.88,61.57,62.26,62.91,63.33,64.01,64.57,64.94,65.6,66.46,66.64,66.77,67.41,68.13,68.89
1310,Solok Selatan,0,Tidak ada,64.51,64.81,65.12,65.86,66.29,67.09,67.47,67.81,68.45,68.94,69.04,69.23,69.71,70.58,71.5
1311,Dharmasraya,0,Tidak ada,66.56,67.4,67.76,68.71,69.27,69.84,70.25,70.4,70.86,71.52,71.51,71.76,72.3,73.04,74.06
1312,Pasaman Barat,0,Tidak ada,61.77,62.55,63.33,63.92,64.56,65.26,66.03,66.83,67.43,68.21,68.49,68.76,69.57,70.19,70.93
1371,Kota Padang,0,Tidak ada,78.44,78.68,79.0,79.23,79.83,80.36,81.06,81.58,82.25,82.68,82.82,82.9,83.29,83.58,83.99
1372,Kota Solok,0,Tidak ada,74.38,74.68,75.02,75.54,76.2,76.83,77.07,77.44,77.89,78.38,78.29,78.41,79.23,79.58,80.0
1373,Kota Sawah Lunto,0,Tidak ada,67.55,67.97,68.59,69.07,69.61,69.87,70.67,71.13,71.72,72.39,72.64,72.88,73.73,74.42,75.13
1374,Kota Padang Panjang,0,Tidak ada,73.27,73.76,74.22,74.54,75.05,75.98,76.5,77.01,77.3,78.0,77.93,77.97,78.78,79.26,80.17
1375,Kota Bukittinggi,0,Tidak ada,76.12,76.3,76.92,77.67,78.02,78.72,79.11,79.8,80.11,80.71,80.58,80.7,81.42,81.78,82.51
1376,Kota Payakumbuh,0,Tidak ada,74.89,75.39,75.89,76.34,76.49,77.42,77.56,77.91,78.23,78.95,78.9,79.08,79.53,79.97,80.61
1377,Kota Pariaman,0,Tidak ada,72.56,73.07,73.47,74.51,74.66,74.98,75.44,75.71,76.26,76.7,76.9,77.07,77.65,78.13,78.88
1400,RIAU,0,Tidak ada,68.65,68.9,69.15,69.91,70.33,70.84,71.2,71.79,72.44,73.0,72.71,72.94,73.52,74.04,74.79
1401,Kuantan Singingi,0,Tidak ada,65.07,65.72,66.31,66.65,67.47,68.32,68.66,69.53,69.96,70.78,70.31,70.6,71.09,71.67,72.33
1402,Indragiri Hulu,0,Tidak ada,65.1,65.93,66.5,66.68,67.11,68.0,68.67,68.97,69.66,70.05,69.83,70.01,70.46,71.04,71.48
1403,Indragiri Hilir,0,Tidak ada,61.98,62.82,63.04,63.44,63.8,64.8,65.35,66.17,66.51,66.84,66.54,66.63,67.37,67.98,68.38
1404,Pelalawan,0,Tidak ada,65.95,66.58,67.25,68.29,68.67,69.82,70.21,70.59,71.44,71.85,71.56,72.08,72.93,73.59,74.08
1405,Siak,0,Tidak ada,69.78,70.2,70.45,70.84,71.45,72.17,72.7,73.18,73.73,74.07,73.68,73.98,74.5,74.98,75.45
1406,Kampar,0,Tidak ada,68.62,69.64,70.08,70.46,70.72,71.28,71.39,72.19,72.5,73.15,72.83,73.02,73.84,74.24,74.85
1407,Rokan Hulu,0,Tidak ada,63.59,64.2,64.99,66.07,67.02,67.29,67.86,68.67,69.36,69.93,69.38,69.67,70.31,71.02,71.82
1408,Bengkalis,0,Tidak ada,69.29,69.72,70.26,70.6,70.84,71.29,71.98,72.27,72.94,73.44,73.46,73.58,74.38,74.97,75.28
1409,Rokan Hilir,0,Tidak ada,64.13,64.76,65.09,65.46,66.22,66.81,67.52,67.84,68.73,69.4,69.15,69.34,70.1,70.78,71.2
1410,Kepulauan Meranti,0,Tidak ada,59.71,60.38,61.49,62.53,62.91,63.25,63.9,64.7,65.23,65.93,65.5,65.7,66.52,67.28,67.92
1471,Kota Pekanbaru,0,Tidak ada,77.34,77.71,77.94,78.16,78.42,79.32,79.69,79.97,80.66,81.35,81.32,81.58,82.06,82.38,82.89
1473,Kota Dumai,0,Tidak ada,69.55,70.43,71.07,71.59,71.86,72.2,72.96,73.46,74.06,74.64,74.4,74.75,75.26,75.66,76.19
1500,JAMBI,0,Tidak ada,65.39,66.14,66.94,67.76,68.24,68.89,69.62,69.99,70.65,71.26,71.29,71.63,72.14,72.77,73.43
1501,Kerinci,0,Tidak ada,65.16,65.85,66.71,67.49,67.96,68.89,69.68,70.03,70.59,70.95,71.21,71.45,71.99,72.54,73.11
1502,Merangin,0,Tidak ada,63.85,64.4,65.31,65.82,66.21,67.15,67.86,68.3,68.81,69.07,69.19,69.53,69.98,70.81,71.66
1503,Sarolangun,0,Tidak ada,64.64,65.2,66.16,67.13,67.67,68.1,68.73,69.03,69.41,69.72,69.86,70.25,70.89,71.29,72.01
1504,Batang Hari,0,Tidak ada,65.67,66.32,66.97,67.24,67.68,68.05,68.7,68.92,69.33,69.67,69.84,70.11,70.51,71.02,71.67
1505,Muaro Jambi,0,Tidak ada,62.84,63.39,64.17,65.14,65.71,66.66,67.55,67.86,68.34,69.01,69.18,69.55,70.18,71.04,71.91
1506,Tanjung Jabung Timur,0,Tidak ada,57.21,57.77,58.63,59.41,59.88,61.12,61.88,62.61,63.32,63.92,64.43,64.91,65.77,66.65,67.54
1507,Tanjung Jabung Barat,0,Tidak ada,61.49,61.98,62.86,63.54,64.04,65.03,65.91,66.15,67.13,67.54,67.54,68.16,68.79,69.35,69.93
1508,Tebo,0,Tidak ada,63.62,64.45,65.23,65.91,66.63,67.29,68.05,68.16,68.67,69.02,69.14,69.35,69.78,70.63,71.32
1509,Bungo,0,Tidak ada,66.28,66.7,67.2,67.54,67.93,68.34,68.77,69.04,69.42,69.86,69.92,70.15,70.55,71.06,71.92
1571,Kota Jambi,0,Tidak ada,72.23,72.96,73.78,74.21,74.86,75.58,76.14,76.74,77.41,78.26,78.37,79.12,79.58,80.15,81.04
1572,Kota Sungai Penuh,0,Tidak ada,69.91,70.55,71.23,72.09,72.48,73.03,73.35,73.75,74.67,75.36,75.42,75.7,76.17,76.65,77.4
1600,SUMATERA SELATAN,0,Tidak ada,64.44,65.12,65.79,66.16,66.75,67.46,68.24,68.86,69.39,70.02,70.01,70.24,70.9,71.62,72.3
1601,Ogan Komering Ulu,0,Tidak ada,64.13,64.62,65.09,65.51,66.21,67.18,67.47,68.28,69.01,69.45,69.32,69.6,70.24,71.01,71.55
1602,Ogan Komering Ilir,0,Tidak ada,61.04,61.68,62.29,63.52,63.87,64.73,65.44,66.11,66.57,66.96,66.82,67.17,68.02,68.65,69.33
1603,Muara Enim,0,Tidak ada,62.12,62.82,63.34,64.34,65.02,65.82,66.71,67.63,68.28,68.88,68.74,68.86,69.43,70.24,71.0
1604,Lahat,0,Tidak ada,62.31,62.93,63.66,64.15,64.52,65.25,65.75,66.38,66.99,67.62,67.44,67.58,68.4,69.1,69.77
1605,Musi Rawas,0,Tidak ada,59.69,60.63,61.37,62.23,63.19,64.11,64.75,65.31,66.18,66.92,66.79,67.01,67.78,68.26,68.95
1606,Musi Banyuasin,0,Tidak ada,61.79,62.56,63.27,64.18,64.93,65.76,66.45,66.96,67.57,67.83,67.69,68.1,68.6,69.17,70.12
1607,Banyu Asin,0,Tidak ada,60.31,61.04,61.69,62.42,63.21,64.15,65.01,65.85,66.4,66.9,66.74,67.13,67.93,68.65,69.51
1608,Ogan Komering Ulu Selatan,0,Tidak ada,58.88,59.74,60.63,61.58,61.94,62.57,63.42,63.96,64.84,65.43,65.3,65.34,65.87,66.67,67.65
1609,Ogan Komering Ulu Timur,0,Tidak ada,63.36,64.27,65.18,66.09,66.74,67.17,67.38,67.84,68.58,69.34,69.28,69.58,70.23,70.96,71.55
1610,Ogan Ilir,0,Tidak ada,61.62,62.47,63.03,63.64,64.49,65.35,65.45,65.63,66.43,67.22,67.06,67.17,67.96,68.76,69.4
1611,Empat Lawang,0,Tidak ada,61.11,61.86,62.3,62.74,63.17,63.55,64.0,64.21,64.81,65.1,65.25,65.39,66.0,66.68,67.25
1612,Penukal Abab Lematang Ilir,0,Tidak ada,,,,59.69,59.89,60.83,61.66,62.58,63.49,64.33,64.7,64.88,65.75,66.64,67.48
1613,Musi Rawas Utara,0,Tidak ada,,,,60.56,61.34,62.32,63.05,63.18,63.75,64.32,64.49,64.93,65.74,66.6,67.4
1671,Kota Palembang,0,Tidak ada,73.33,74.08,74.74,75.49,76.02,76.29,76.59,77.22,77.89,78.44,78.33,78.72,79.47,80.02,80.57
1672,Kota Prabumulih,0,Tidak ada,69.39,70.32,70.95,71.87,72.2,73.19,73.38,73.58,74.04,74.4,74.55,74.67,75.52,76.46,77.08
1673,Kota Pagar Alam,0,Tidak ada,61.97,62.71,63.33,64.14,64.75,65.37,65.96,66.81,67.62,68.44,68.31,68.68,69.6,70.45,71.19
1674,Kota Lubuklinggau,0,Tidak ada,70.72,71.62,72.04,72.55,72.84,73.17,73.57,73.67,74.09,74.81,74.78,74.89,75.53,76.19,76.82
1700,BENGKULU,0,Tidak ada,65.35,65.96,66.61,67.5,68.06,68.59,69.33,69.95,70.64,71.21,71.4,71.64,72.16,72.78,73.39
1701,Bengkulu Selatan,0,Tidak ada,65.84,66.5,66.77,67.61,68.28,68.57,68.71,69.04,69.85,70.27,70.63,70.75,71.42,71.91,72.35
1702,Rejang Lebong,0,Tidak ada,64.19,64.92,65.51,66.11,66.55,67.51,68.34,68.61,69.4,70.1,70.44,70.77,71.45,72.31,72.92
1703,Bengkulu Utara,0,Tidak ada,63.5,64.61,65.47,66.67,67.27,67.46,67.63,67.8,68.36,68.8,68.82,69.28,69.77,70.28,71.11
1704,Kaur,0,Tidak ada,61.39,61.85,62.32,63.17,63.75,64.47,64.95,65.28,66.2,66.78,66.99,67.17,67.77,68.38,68.98
1705,Seluma,0,Tidak ada,60.27,61.01,61.55,62.1,62.94,63.41,64.04,65.0,65.99,66.69,66.89,67.03,67.76,68.27,68.97
1706,Mukomuko,0,Tidak ada,62.95,63.71,64.16,64.79,65.31,65.77,66.52,67.07,67.47,68.12,68.45,68.64,69.12,69.97,70.63
1707,Lebong,0,Tidak ada,61.87,62.43,62.84,63.15,63.9,64.72,65.58,65.87,66.28,66.84,67.01,67.46,68.12,68.71,69.27
1708,Kepahiang,0,Tidak ada,62.6,63.44,63.86,64.44,65.22,65.45,66.35,66.6,67.14,67.67,68.17,68.62,69.09,69.6,70.27
1709,Bengkulu Tengah,0,Tidak ada,61.7,62.54,63.12,63.71,64.1,64.68,65.44,65.8,66.65,67.3,67.61,67.96,68.47,68.99,69.84
1771,Kota Bengkulu,0,Tidak ada,74.92,75.31,75.71,76.16,76.49,77.16,77.94,78.82,79.67,80.35,80.36,80.54,80.99,81.45,82.04
1800,LAMPUNG,0,Tidak ada,63.71,64.2,64.87,65.73,66.42,66.95,67.65,68.25,69.02,69.57,69.69,69.9,70.45,71.15,71.81
1801,Lampung Barat,0,Tidak ada,60.93,61.92,62.51,63.21,63.54,64.54,65.45,66.06,66.74,67.5,67.8,67.9,68.39,69.11,69.84
1802,Tanggamus,0,Tidak ada,60.09,60.63,61.14,61.89,62.67,63.66,64.41,64.94,65.67,66.37,66.42,66.65,67.22,67.86,68.52
1803,Lampung Selatan,0,Tidak ada,61.07,61.95,62.68,63.35,63.75,65.22,66.19,66.95,67.68,68.22,68.36,68.49,69.0,69.63,70.28
1804,Lampung Timur,0,Tidak ada,63.23,64.1,65.1,66.07,66.42,67.1,67.88,68.05,69.04,69.34,69.37,69.66,70.58,71.21,71.84
1805,Lampung Tengah,0,Tidak ada,64.14,64.71,65.6,66.57,67.07,67.61,68.33,68.95,69.73,70.04,70.16,70.23,70.8,71.6,72.37
1806,Lampung Utara,0,Tidak ada,61.82,62.67,62.93,64.0,64.89,65.2,65.95,66.58,67.17,67.63,67.67,67.89,68.33,68.95,69.62
1807,Way Kanan,0,Tidak ada,61.27,62.04,62.79,63.92,64.32,65.18,65.74,65.97,66.63,67.19,67.44,67.57,68.04,68.63,69.31
1808,Tulangbawang,0,Tidak ada,63.21,63.67,64.11,64.91,65.83,66.08,66.74,67.07,67.7,68.23,68.52,68.73,69.53,70.02,70.66
1809,Pesawaran,0,Tidak ada,58.64,59.44,59.98,60.94,61.7,62.7,63.47,64.43,64.97,65.75,65.79,66.14,66.7,67.67,68.52
1810,Pringsewu,0,Tidak ada,,64.86,65.37,66.14,66.58,67.55,68.26,68.61,69.42,69.97,70.3,70.45,70.98,71.61,72.29
1811,Mesuji,0,Tidak ada,,57.32,57.67,58.16,58.71,59.79,60.72,61.87,62.88,63.52,63.63,64.04,64.94,65.64,66.46
1812,Tulang Bawang Barat,0,Tidak ada,,60.13,60.77,61.46,62.46,63.01,63.77,64.58,65.3,65.93,65.97,66.22,67.13,67.81,68.46
1813,Pesisir Barat,0,Tidak ada,,,,58.95,59.76,60.55,61.5,62.2,62.96,63.79,63.91,64.3,65.14,66.0,66.73
1871,Kota Bandar Lampung,0,Tidak ada,71.11,72.04,72.88,73.93,74.34,74.81,75.34,75.98,76.63,77.33,77.44,77.58,78.01,78.56,79.19
1872,Kota Metro,0,Tidak ada,71.37,72.23,72.86,74.27,74.98,75.1,75.45,75.87,76.22,76.77,77.19,77.49,77.89,78.36,78.93
1900,KEP. BANGKA BELITUNG,0,Tidak ada,66.02,66.59,67.21,67.92,68.27,69.05,69.55,69.99,70.67,71.3,71.47,71.69,72.24,72.85,73.33
1901,Bangka,0,Tidak ada,66.41,67.37,67.99,69.34,69.79,70.03,70.43,71.09,71.8,72.39,72.4,72.46,72.95,73.66,73.98
1902,Belitung,0,Tidak ada,66.79,67.17,67.87,69.27,69.56,70.29,70.81,70.93,71.7,72.46,72.51,72.57,73.38,74.02,74.47
1903,Bangka Barat,0,Tidak ada,63.16,64.0,64.92,65.85,66.43,67.23,67.6,67.94,68.68,69.05,69.08,69.6,70.12,70.45,70.67
1904,Bangka Tengah,0,Tidak ada,65.1,66.09,66.88,67.67,68.09,68.66,68.76,68.99,69.52,70.33,70.45,70.89,71.4,71.71,71.9
1905,Bangka Selatan,0,Tidak ada,59.98,60.53,61.17,62.96,63.54,63.89,64.57,65.02,65.98,66.54,66.9,67.06,67.95,68.51,68.86
1906,Belitung Timur,0,Tidak ada,64.99,65.86,66.59,67.71,68.1,68.83,69.3,69.57,70.22,70.84,70.92,71.42,72.29,72.86,73.19
1971,Kota Pangkal Pinang,0,Tidak ada,74.68,75.02,75.69,76.14,76.28,76.61,76.73,76.86,77.43,77.97,78.22,78.57,79.24,79.93,80.4
2100,KEPULAUAN RIAU,0,Tidak ada,71.13,71.61,72.36,73.02,73.4,73.75,73.99,74.45,74.84,75.48,75.59,75.79,76.46,77.11,77.97
2101,Karimun,0,Tidak ada,66.4,66.82,67.67,68.52,68.72,69.21,69.84,70.26,70.56,71.1,71.44,71.7,72.65,73.51,74.28
2102,Bintan,0,Tidak ada,69.87,70.47,71.01,71.31,71.65,71.92,72.38,72.91,73.41,73.98,74.13,74.57,74.99,75.7,76.18
2103,Natuna,0,Tidak ada,66.29,67.76,68.8,69.39,70.06,70.87,71.23,71.52,72.1,72.63,72.72,73.09,73.47,74.21,74.56
2104,Lingga,0,Tidak ada,57.36,58.51,59.38,60.13,60.75,61.28,62.44,63.45,64.06,64.98,65.29,65.83,66.57,67.44,68.19
2105,Kepulauan Anambas,0,Tidak ada,63.03,63.71,64.32,64.86,65.12,65.86,66.3,67.06,67.53,68.48,68.8,69.23,69.61,70.26,70.93
2171,Kota Batam,0,Tidak ada,76.98,77.82,78.39,78.65,79.13,79.34,79.79,80.26,80.54,81.09,81.11,81.12,81.67,82.11,82.86
2172,Kota Tanjung Pinang,0,Tidak ada,73.76,74.86,75.91,76.7,77.29,77.57,77.77,78.0,78.33,78.73,78.91,78.93,79.64,80.23,80.63
3100,DKI JAKARTA,0,Tidak ada,76.31,76.98,77.53,78.08,78.39,78.99,79.6,80.06,80.47,80.76,80.77,81.11,81.65,82.46,83.08
3101,Kep. Seribu,0,Tidak ada,64.96,65.79,66.92,67.62,68.48,68.84,69.52,70.11,70.91,71.4,71.63,72.1,72.79,73.39,74.17
3171,Kota Jakarta Selatan,0,Tidak ada,80.26,81.22,81.72,82.72,82.94,83.37,83.94,84.13,84.44,84.75,84.72,84.9,85.21,86.07,86.94
3172,Kota Jakarta Timur,0,Tidak ada,78.06,78.82,79.52,79.88,80.4,80.73,81.28,81.61,82.06,82.69,82.66,82.97,83.45,84.13,84.65
3173,Kota Jakarta Pusat,0,Tidak ada,77.3,77.97,78.44,78.81,79.03,79.69,80.22,80.49,81.01,81.24,81.39,81.56,82.11,82.53,83.01
3174,Kota Jakarta Barat,0,Tidak ada,76.65,77.41,78.05,78.79,79.38,79.72,80.34,80.47,80.88,81.21,81.38,81.76,82.51,83.02,83.64
3175,Kota Jakarta Utara,0,Tidak ada,75.15,76.12,76.89,77.16,77.29,78.3,78.78,79.47,79.87,80.17,80.29,80.51,80.81,81.11,81.39
3200,JAWA BARAT,0,Tidak ada,66.15,66.67,67.32,68.25,68.8,69.5,70.05,70.69,71.3,72.03,72.09,72.45,73.12,73.74,74.43
3201,Bogor,0,Tidak ada,64.35,64.78,65.66,66.74,67.36,67.77,68.32,69.13,69.69,70.65,70.4,70.6,71.2,71.78,72.39
3202,Sukabumi,0,Tidak ada,60.69,61.14,62.27,63.63,64.07,64.44,65.13,65.49,66.05,66.87,66.88,67.07,67.64,68.49,68.97
3203,Cianjur,0,Tidak ada,58.58,59.38,60.28,61.68,62.08,62.42,62.92,63.7,64.62,65.38,65.36,65.56,65.94,66.55,67.24
3204,Bandung,0,Tidak ada,67.28,67.78,68.13,68.58,69.06,70.05,70.69,71.02,71.75,72.41,72.39,72.73,73.16,73.74,74.27
3205,Garut,0,Tidak ada,60.23,60.55,61.04,61.67,62.23,63.21,63.64,64.52,65.42,66.22,66.12,66.45,67.41,68.11,68.79
3206,Tasikmalaya,0,Tidak ada,60.21,61.05,61.69,62.4,62.79,63.17,63.57,64.14,65.0,65.64,65.67,65.9,66.84,67.76,68.36
3207,Ciamis,0,Tidak ada,64.64,65.48,66.29,67.2,67.64,68.02,68.45,68.87,69.63,70.39,70.49,70.93,71.45,72.05,72.56
3208,Kuningan,0,Tidak ada,64.4,65.04,65.6,66.16,66.63,67.19,67.51,67.78,68.55,69.12,69.38,69.71,70.16,70.72,71.26
3209,Cirebon,0,Tidak ada,63.64,64.17,64.48,65.06,65.53,66.07,66.7,67.39,68.05,68.69,68.75,69.12,70.06,70.95,71.44
3210,Majalengka,0,Tidak ada,62.3,62.67,63.13,63.71,64.07,64.75,65.25,65.92,66.72,67.52,67.59,67.81,68.56,69.13,69.74
3211,Sumedang,0,Tidak ada,66.04,66.16,67.36,68.47,68.76,69.29,69.45,70.07,70.99,71.46,71.64,71.8,72.69,73.18,73.73
3212,Indramayu,0,Tidak ada,60.86,61.47,62.09,62.98,63.55,64.36,64.78,65.58,66.36,66.97,67.29,67.64,68.55,69.25,69.83
3213,Subang,0,Tidak ada,63.54,64.21,64.86,65.48,65.8,66.52,67.14,67.73,68.31,68.69,68.95,69.13,69.87,70.7,71.36
3214,Purwakarta,0,Tidak ada,64.93,65.51,66.3,67.09,67.32,67.84,68.56,69.28,69.98,70.67,70.82,70.98,71.56,72.09,72.65
3215,Karawang,0,Tidak ada,64.58,65.21,65.97,66.61,67.08,67.66,68.19,69.17,69.89,70.86,70.66,70.94,71.74,72.35,72.9
3216,Bekasi,0,Tidak ada,67.58,68.66,69.38,70.09,70.51,71.19,71.83,72.63,73.49,73.99,74.07,74.45,75.22,75.76,76.44
3217,Bandung Barat,0,Tidak ada,61.34,62.36,63.17,63.93,64.27,65.23,65.81,66.63,67.46,68.27,68.08,68.29,69.04,69.61,70.03
3218,Pangandaran,0,Tidak ada,,,,64.73,65.29,65.62,65.79,66.6,67.44,68.21,68.06,68.28,69.03,69.38,69.85
3271,Kota Bogor,0,Tidak ada,71.25,71.72,72.25,72.86,73.1,73.65,74.5,75.16,75.66,76.23,76.11,76.59,77.17,77.85,78.52
3272,Kota Sukabumi,0,Tidak ada,67.94,68.67,69.74,70.81,71.19,71.84,72.33,73.03,73.55,74.31,74.21,74.6,75.4,76.32,76.85
3273,Kota Bandung,0,Tidak ada,77.49,78.13,78.3,78.55,78.98,79.67,80.13,80.31,81.06,81.62,81.51,81.96,82.5,83.04,83.52
3274,Kota Cirebon,0,Tidak ada,70.74,71.49,71.97,72.27,72.93,73.34,73.7,74.0,74.35,74.92,74.89,75.25,75.89,76.46,77.08
3275,Kota Bekasi,0,Tidak ada,76.77,77.48,77.71,78.63,78.84,79.63,79.95,80.3,81.04,81.59,81.5,81.95,82.46,83.03,83.54
3276,Kota Depok,0,Tidak ada,76.66,76.96,77.28,78.27,78.58,79.11,79.6,79.83,80.29,80.82,80.97,81.37,81.86,82.38,82.91
3277,Kota Cimahi,0,Tidak ada,73.76,74.41,74.99,75.85,76.06,76.42,76.69,76.95,77.56,78.11,77.83,78.06,78.77,79.46,80.08
3278,Kota Tasikmalaya,0,Tidak ada,66.58,67.18,67.84,68.63,69.04,69.99,70.58,71.51,72.03,72.84,73.04,73.31,73.83,74.47,75.04
3279,Kota Banjar,0,Tidak ada,66.81,67.15,67.53,68.01,68.34,69.31,70.09,70.79,71.25,71.75,71.7,71.92,72.55,73.08,73.64
3300,JAWA TENGAH,0,Tidak ada,66.08,66.64,67.21,68.02,68.78,69.49,69.98,70.52,71.12,71.73,71.87,72.16,72.79,73.39,73.88
3301,Cilacap,0,Tidak ada,64.18,64.73,65.72,66.8,67.25,67.77,68.6,68.9,69.56,69.98,69.95,70.42,70.99,71.83,72.38
3302,Banyumas,0,Tidak ada,66.87,67.45,68.06,68.55,69.25,69.89,70.49,70.75,71.3,71.96,71.98,72.44,73.17,73.86,74.52
3303,Purbalingga,0,Tidak ada,63.61,64.33,64.94,65.53,66.23,67.03,67.48,67.72,68.41,68.99,68.97,69.15,69.54,70.24,70.69
3304,Banjarnegara,0,Tidak ada,60.7,61.58,62.29,62.84,63.15,64.73,65.52,65.86,66.54,67.34,67.45,67.86,68.61,69.14,69.6
3305,Kebumen,0,Tidak ada,63.08,64.05,64.47,64.86,65.67,66.87,67.41,68.29,68.8,69.6,69.81,70.05,70.79,71.37,71.93
3306,Purworejo,0,Tidak ada,68.16,69.11,69.4,69.77,70.12,70.37,70.66,71.31,71.87,72.5,72.68,72.98,73.6,74.28,75.11
3307,Wonosobo,0,Tidak ada,62.5,63.07,64.18,64.57,65.2,65.7,66.19,66.89,67.81,68.27,68.22,68.43,68.89,69.37,69.82
3308,Magelang,0,Tidak ada,63.28,64.16,64.75,65.86,66.35,67.13,67.85,68.39,69.11,69.87,69.87,70.12,70.85,71.45,71.99
3309,Boyolali,0,Tidak ada,68.76,69.14,69.51,69.81,70.34,71.74,72.18,72.64,73.22,73.8,74.25,74.4,74.97,75.41,75.96
3310,Klaten,0,Tidak ada,70.76,71.16,71.71,72.42,73.19,73.81,73.97,74.25,74.79,75.29,75.56,76.12,76.95,77.59,78.16
3311,Sukoharjo,0,Tidak ada,71.53,72.34,72.81,73.22,73.76,74.53,75.06,75.56,76.07,76.84,76.98,77.13,77.94,78.65,79.3
3312,Wonogiri,0,Tidak ada,63.9,64.75,65.75,66.4,66.77,67.76,68.23,68.66,69.37,69.98,70.25,70.49,71.04,71.97,72.55
3313,Karanganyar,0,Tidak ada,70.31,71.0,72.26,73.33,73.89,74.26,74.9,75.22,75.54,75.89,75.86,75.99,76.58,77.31,78.11
3314,Sragen,0,Tidak ada,67.67,68.12,68.91,69.95,70.52,71.1,71.43,72.4,72.96,73.43,73.95,74.08,74.65,75.1,75.53
3315,Grobogan,0,Tidak ada,64.56,65.41,66.39,67.43,67.77,68.05,68.52,68.87,69.32,69.86,69.87,70.41,70.97,71.49,72.02
3316,Blora,0,Tidak ada,63.02,63.88,64.7,65.37,65.84,66.22,66.61,67.52,67.95,68.65,68.84,69.37,69.95,70.63,71.39
3317,Rembang,0,Tidak ada,64.53,65.36,66.03,66.84,67.4,68.18,68.6,68.95,69.46,70.15,70.02,70.43,71.0,71.89,72.53
3318,Pati,0,Tidak ada,65.13,65.71,66.13,66.47,66.99,68.51,69.03,70.12,70.71,71.35,71.77,72.28,73.14,73.59,74.1
3319,Kudus,0,Tidak ada,69.22,69.89,70.57,71.58,72.0,72.72,72.94,73.84,74.58,74.94,75.0,75.16,75.89,76.71,77.22
3320,Jepara,0,Tidak ada,66.76,67.63,68.45,69.11,69.61,70.02,70.25,70.79,71.38,71.88,71.99,72.36,73.15,73.85,74.32
3321,Demak,0,Tidak ada,66.02,66.84,67.55,68.38,68.95,69.75,70.1,70.41,71.26,71.87,72.22,72.57,73.36,74.07,74.57
3322,Semarang,0,Tidak ada,69.58,70.35,70.88,71.29,71.65,71.89,72.4,73.2,73.61,74.14,74.1,74.24,74.67,75.13,75.67
3323,Temanggung,0,Tidak ada,63.08,64.14,64.91,65.52,65.97,67.07,67.6,68.34,68.83,69.56,69.57,69.88,70.77,71.33,71.87
3324,Kendal,0,Tidak ada,66.23,66.96,67.55,67.98,68.46,69.57,70.11,70.62,71.28,71.97,72.29,72.5,73.19,73.86,74.34
3325,Batang,0,Tidak ada,61.64,62.59,63.09,63.6,64.07,65.46,66.38,67.35,67.86,68.42,68.65,68.92,69.45,70.2,70.74
3326,Pekalongan,0,Tidak ada,63.75,64.72,65.33,66.26,66.98,67.4,67.71,68.4,68.97,69.71,69.63,70.11,70.81,71.4,71.84
3327,Pemalang,0,Tidak ada,58.64,59.66,60.78,61.81,62.35,63.7,64.17,65.04,65.67,66.32,66.32,66.56,67.19,68.03,68.55
3328,Tegal,0,Tidak ada,61.14,61.97,62.67,63.5,64.1,65.04,65.84,66.44,67.33,68.24,68.39,68.79,69.53,70.23,70.77
3329,Brebes,0,Tidak ada,59.49,60.51,60.92,61.87,62.55,63.18,63.98,64.86,65.68,66.12,66.11,66.32,67.03,67.95,68.46
3371,Kota Magelang,0,Tidak ada,73.99,74.47,75.0,75.29,75.79,76.39,77.16,77.84,78.31,78.8,78.99,79.43,80.39,81.17,82.15
3372,Kota Surakarta,0,Tidak ada,77.45,78.0,78.44,78.89,79.34,80.14,80.76,80.85,81.46,81.86,82.21,82.62,83.08,83.54,84.4
3373,Kota Salatiga,0,Tidak ada,78.35,78.76,79.1,79.37,79.98,80.96,81.14,81.68,82.41,83.12,83.14,83.6,84.35,84.99,85.72
3374,Kota Semarang,0,Tidak ada,76.96,77.58,78.04,78.68,79.24,80.23,81.19,82.01,82.72,83.19,83.05,83.55,84.08,84.43,85.25
3375,Kota Pekalongan,0,Tidak ada,68.95,69.54,69.95,70.82,71.53,72.69,73.32,73.77,74.24,74.77,74.98,75.4,75.9,76.71,77.22
3376,Kota Tegal,0,Tidak ada,69.33,70.03,70.68,71.44,72.2,72.96,73.55,73.95,74.44,74.93,75.07,75.52,76.15,77.02,77.43
3400,D I YOGYAKARTA,0,Tidak ada,75.37,75.93,76.15,76.44,76.81,77.59,78.38,78.89,79.53,79.99,79.97,80.22,80.64,81.07,81.55
3401,Kulon Progo,0,Tidak ada,68.83,69.53,69.74,70.14,70.68,71.52,72.38,73.23,73.76,74.44,74.46,74.71,75.46,75.79,76.14
3402,Bantul,0,Tidak ada,75.31,75.79,76.13,76.78,77.11,77.99,78.42,78.67,79.45,80.01,80.01,80.28,80.69,81.39,81.74
3403,Gunung Kidul,0,Tidak ada,64.2,64.83,65.69,66.31,67.03,67.41,67.82,68.73,69.24,69.96,69.98,70.16,70.96,71.24,71.89
3404,Sleman,0,Tidak ada,79.69,80.04,80.1,80.26,80.73,81.2,82.15,82.85,83.42,83.85,83.84,84.0,84.31,84.77,85.61
3471,Kota Yogyakarta,0,Tidak ada,82.72,82.98,83.29,83.61,83.78,84.56,85.32,85.49,86.11,86.65,86.61,87.18,87.69,88.28,88.77
3500,JAWA TIMUR,0,Tidak ada,65.36,66.06,66.74,67.55,68.14,68.95,69.74,70.27,70.77,71.5,71.71,72.14,72.75,73.38,74.09
3501,Pacitan,0,Tidak ada,61.14,62.03,62.94,63.38,63.81,64.92,65.74,66.51,67.33,68.16,68.39,68.57,69.37,70.19,70.74
3502,Ponorogo,0,Tidak ada,64.13,65.28,66.16,67.03,67.4,68.16,68.93,69.26,69.91,70.56,70.81,71.06,71.87,72.5,73.01
3503,Trenggalek,0,Tidak ada,63.67,64.27,65.01,65.76,66.16,67.25,67.78,68.1,68.71,69.46,69.74,70.06,71.0,71.73,72.24
3504,Tulungagung,0,Tidak ada,67.28,67.76,68.29,69.3,69.49,70.07,70.82,71.24,71.99,72.62,73.0,73.15,74.06,74.61,75.09
3505,Blitar,0,Tidak ada,64.79,65.47,66.17,66.49,66.88,68.13,68.88,69.33,69.93,70.57,70.58,71.05,71.86,72.49,73.09
3506,Kediri,0,Tidak ada,66.24,66.84,67.29,68.01,68.44,68.91,69.87,70.47,71.07,71.85,72.05,72.56,73.46,73.96,74.44
3507,Malang,0,Tidak ada,63.47,63.97,64.71,65.2,65.59,66.63,67.51,68.47,69.4,70.35,70.36,70.6,71.38,72.16,72.68
3508,Lumajang,0,Tidak ada,59.62,60.72,61.31,61.87,62.33,63.02,63.74,64.23,64.83,65.33,65.46,66.07,66.95,67.87,68.8
3509,Jember,0,Tidak ada,59.94,60.64,61.31,62.43,62.64,63.04,64.01,64.96,65.96,66.69,67.11,67.32,67.97,68.64,69.15
3510,Banyuwangi,0,Tidak ada,64.54,65.48,66.12,66.74,67.31,68.08,69.0,69.64,70.06,70.6,70.62,71.38,71.94,72.61,73.11
3511,Bondowoso,0,Tidak ada,59.47,60.46,62.24,63.21,63.43,63.95,64.52,64.75,65.27,66.09,66.43,66.59,67.31,67.99,68.65
3512,Situbondo,0,Tidak ada,60.07,60.82,62.23,63.43,63.91,64.53,65.08,65.68,66.42,67.09,67.38,67.78,68.25,69.16,69.75
3513,Probolinggo,0,Tidak ada,59.83,60.3,61.33,62.61,63.04,63.83,64.12,64.28,64.85,65.6,66.07,66.26,66.96,67.79,68.29
3514,Pasuruan,0,Tidak ada,60.79,61.43,62.31,63.74,64.35,65.04,65.71,66.69,67.41,68.29,68.6,68.93,69.68,70.29,70.73
3515,Sidoarjo,0,Tidak ada,73.75,74.48,75.14,76.39,76.78,77.43,78.17,78.7,79.5,80.05,80.29,80.65,81.02,81.55,82.31
3516,Mojokerto,0,Tidak ada,68.14,68.71,69.17,69.84,70.22,70.85,71.38,72.36,72.64,73.53,73.83,74.15,74.89,75.53,75.98
3517,Jombang,0,Tidak ada,66.2,66.84,67.82,68.63,69.07,69.59,70.03,70.88,71.86,72.85,72.97,73.45,74.05,74.6,75.1
3518,Nganjuk,0,Tidak ada,65.6,66.58,68.07,68.98,69.59,69.9,70.5,70.69,71.23,71.71,71.72,71.97,72.93,73.71,74.23
3519,Madiun,0,Tidak ada,64.87,65.98,67.32,68.07,68.6,69.39,69.67,70.27,71.01,71.69,71.73,71.88,72.39,72.97,73.74
3520,Magetan,0,Tidak ada,67.58,68.52,69.56,69.86,70.29,71.39,71.94,72.6,72.91,73.49,73.92,74.15,74.85,75.41,75.87
3521,Ngawi,0,Tidak ada,64.52,65.84,66.72,67.25,67.78,68.32,68.96,69.27,69.91,70.41,70.54,71.04,71.75,72.47,73.09
3522,Bojonegoro,0,Tidak ada,62.19,63.22,64.2,64.85,65.27,66.17,66.73,67.28,67.85,68.75,69.04,69.59,70.12,70.85,71.78
3523,Tuban,0,Tidak ada,61.33,62.47,63.36,64.14,64.58,65.52,66.19,66.77,67.43,68.37,68.4,68.91,69.67,70.34,71.23
3524,Lamongan,0,Tidak ada,65.4,66.21,67.51,68.9,69.42,69.84,70.34,71.11,71.97,72.57,72.58,73.12,74.02,74.53,75.13
3525,Gresik,0,Tidak ada,69.9,71.11,72.12,72.47,72.84,73.57,74.46,74.84,75.28,76.1,76.11,76.5,77.16,77.98,78.45
3526,Bangkalan,0,Tidak ada,57.23,58.63,59.65,60.19,60.71,61.49,62.06,62.3,62.87,63.79,64.11,64.36,65.05,65.75,66.27
3527,Sampang,0,Tidak ada,54.49,55.17,55.78,56.45,56.98,58.18,59.09,59.9,61.0,61.94,62.7,62.8,63.39,64.13,64.65
3528,Pamekasan,0,Tidak ada,59.37,60.42,61.21,62.27,62.66,63.1,63.98,64.93,65.41,65.94,66.26,66.4,66.99,67.96,68.49
3529,Sumenep,0,Tidak ada,57.27,58.7,60.08,60.84,61.43,62.38,63.42,64.28,65.25,66.22,66.43,67.04,67.87,68.61,69.26
3571,Kota Kediri,0,Tidak ada,72.2,72.93,73.66,74.18,74.62,75.67,76.33,77.13,77.58,78.08,78.23,78.6,79.59,80.44,81.35
3572,Kota Blitar,0,Tidak ada,72.56,73.08,73.53,74.53,75.26,76.0,76.71,77.1,77.58,78.56,78.57,78.98,79.93,80.63,81.27
3573,Kota Malang,0,Tidak ada,76.69,77.36,78.04,78.44,78.96,80.05,80.46,80.65,80.89,81.32,81.45,82.04,82.71,83.39,84.06
3574,Kota Probolinggo,0,Tidak ada,67.3,68.14,68.93,70.05,70.49,71.01,71.5,72.09,72.53,73.27,73.27,73.66,74.56,75.43,76.27
3575,Kota Pasuruan,0,Tidak ada,69.69,70.41,72.01,72.89,73.23,73.78,74.11,74.39,74.78,75.25,75.26,75.62,76.54,77.17,77.75
3576,Kota Mojokerto,0,Tidak ada,72.78,73.47,74.2,74.91,75.04,75.54,76.38,76.77,77.14,77.96,78.04,78.43,79.32,80.07,80.92
3577,Kota Madiun,0,Tidak ada,75.98,76.48,77.21,78.41,78.81,79.48,80.01,80.13,80.33,80.88,80.91,81.25,82.01,82.71,83.48
3578,Kota Surabaya,0,Tidak ada,77.2,77.62,78.05,78.51,78.87,79.47,80.38,81.07,81.74,82.22,82.23,82.31,82.74,83.45,84.14
3579,Kota Batu,0,Tidak ada,68.66,69.76,70.62,71.55,71.89,72.62,73.57,74.26,75.04,75.88,75.9,76.28,77.22,78.18,78.79
3600,BANTEN,0,Tidak ada,67.54,68.22,68.92,69.47,69.89,70.27,70.96,71.42,71.95,72.44,72.45,72.72,73.32,73.87,74.48
3601,Pandeglang,0,Tidak ada,59.08,59.92,60.48,61.35,62.06,62.72,63.4,63.82,64.34,64.91,65.0,65.17,65.84,66.42,66.99
3602,Lebak,0,Tidak ada,58.83,59.82,60.22,61.13,61.64,62.03,62.78,62.95,63.37,63.88,63.91,64.03,64.71,65.21,65.86
3603,Tangerang,0,Tidak ada,68.01,68.45,68.83,69.28,69.57,70.05,70.44,70.97,71.59,71.93,71.92,72.29,72.97,73.43,74.09
3604,Serang,0,Tidak ada,60.96,61.97,62.97,63.57,63.97,64.61,65.12,65.6,65.93,66.38,66.7,66.82,67.75,68.39,69.03
3671,Kota Tangerang,0,Tidak ada,73.69,74.15,74.57,75.04,75.87,76.08,76.81,77.01,77.92,78.43,78.25,78.5,78.9,79.46,80.02
3672,Kota Cilegon,0,Tidak ada,68.8,69.26,70.07,70.99,71.57,71.81,72.04,72.29,72.65,73.01,73.05,73.35,73.95,74.54,75.14
3673,Kota Serang,0,Tidak ada,68.25,68.69,69.43,69.69,70.26,70.51,71.09,71.31,71.68,72.1,72.16,72.44,72.98,73.48,73.99
3674,Kota Tangerang Selatan,0,Tidak ada,,76.99,77.68,78.65,79.17,79.38,80.11,80.84,81.17,81.48,81.36,81.6,81.95,82.28,82.89
5100,BALI,0,Tidak ada,70.1,70.87,71.62,72.09,72.48,73.27,73.65,74.3,74.77,75.38,75.5,75.69,76.44,77.1,77.76
5101,Jembrana,0,Tidak ada,66.7,67.53,67.94,68.39,68.67,69.66,70.38,70.72,71.65,72.35,72.36,72.75,73.58,74.04,74.6
5102,Tabanan,0,Tidak ada,70.68,71.35,71.69,72.31,72.68,73.54,74.19,74.86,75.45,76.16,76.17,76.45,76.75,77.43,78.42
5103,Badung,0,Tidak ada,75.84,76.66,77.26,77.63,77.98,78.86,79.8,80.54,80.87,81.59,81.6,81.83,82.13,83.08,83.87
5104,Gianyar,0,Tidak ada,71.45,72.5,73.36,74.0,74.29,75.03,75.7,76.09,76.71,77.14,77.36,77.7,78.39,79.24,79.82
5105,Klungkung,0,Tidak ada,66.01,67.01,67.64,68.08,68.3,68.98,69.31,70.13,70.9,71.71,71.73,71.75,72.55,73.11,74.04
5106,Bangli,0,Tidak ada,63.43,63.87,64.53,65.47,65.75,66.24,67.03,68.24,68.96,69.35,69.36,69.37,70.26,70.79,71.34
5107,Karangasem,0,Tidak ada,60.58,61.6,62.95,63.7,64.01,64.68,65.23,65.57,66.49,67.34,67.35,67.36,68.28,68.91,69.74
5108,Buleleng,0,Tidak ada,66.98,67.73,68.29,68.83,69.16,70.03,70.65,71.11,71.7,72.3,72.55,72.56,73.45,73.97,74.52
5171,Kota Denpasar,0,Tidak ada,79.19,79.77,80.45,81.32,81.65,82.24,82.58,83.01,83.3,83.68,83.93,84.03,84.37,84.73,85.22
5200,NUSA TENGGARA BARAT,0,Tidak ada,61.16,62.14,62.98,63.76,64.31,65.19,65.81,66.58,67.3,68.14,68.25,68.65,69.46,70.2,70.93
5201,Lombok Barat,0,Tidak ada,60.61,61.64,62.24,62.91,63.52,64.62,65.55,66.37,67.18,68.03,68.2,68.61,69.41,70.15,70.67
5202,Lombok Tengah,0,Tidak ada,58.97,59.77,60.57,61.25,61.88,62.74,63.22,64.36,65.36,66.36,66.43,66.72,67.57,68.4,69.17
5203,Lombok Timur,0,Tidak ada,58.86,59.84,60.73,61.43,62.07,62.83,63.7,64.37,65.35,66.23,66.3,66.66,67.59,68.41,69.23
5204,Sumbawa,0,Tidak ada,60.93,61.5,61.96,62.44,62.88,63.91,64.89,65.84,66.77,67.6,67.61,68.01,68.89,69.87,70.55
5205,Dompu,0,Tidak ada,61.44,61.84,62.6,63.16,63.53,64.56,65.48,66.33,66.97,67.83,67.84,68.45,69.15,69.98,70.78
5206,Bima,0,Tidak ada,60.19,60.62,61.05,62.08,62.61,63.48,64.15,65.01,65.62,66.37,66.3,66.66,67.57,68.28,68.94
5207,Sumbawa Barat,0,Tidak ada,65.42,65.94,66.45,66.86,67.19,68.38,69.26,70.08,70.71,71.52,71.63,71.85,72.65,73.17,73.86
5208,Lombok Utara,0,Tidak ada,56.13,57.13,58.19,59.2,60.17,61.15,62.24,63.04,63.83,64.49,64.42,64.77,65.7,66.62,67.24
5271,Kota Mataram,0,Tidak ada,72.47,73.5,74.22,75.22,75.93,76.37,77.2,77.84,78.43,79.1,78.91,79.14,79.59,80.09,80.6
5272,Kota Bima,0,Tidak ada,70.11,70.57,71.21,71.72,72.23,72.99,73.67,74.36,75.04,75.8,75.81,76.11,76.84,77.36,78.04
5300,NUSA TENGGARA TIMUR,0,Tidak ada,59.21,60.24,60.81,61.68,62.26,62.67,63.13,63.73,64.39,65.23,65.19,65.28,65.9,66.68,67.39
5301,Sumba Barat,0,Tidak ada,58.5,59.33,59.98,60.55,60.9,61.36,61.85,62.3,62.91,63.56,63.53,63.83,64.43,65.22,66.06
5302,Sumba Timur,0,Tidak ada,59.94,60.43,60.89,61.44,62.04,62.54,63.22,64.19,64.65,65.34,65.52,65.74,66.17,67.05,67.68
5303,Kupang,0,Tidak ada,58.57,59.74,60.34,61.07,61.68,62.04,62.39,62.79,63.55,64.43,64.32,64.41,65.04,65.82,66.57
5304,Timor Tengah Selatan,0,Tidak ada,55.72,56.82,57.94,58.76,59.41,59.9,60.37,61.08,61.58,62.23,62.15,62.16,62.73,63.58,64.36
5305,Timor Tengah Utara,0,Tidak ada,56.93,57.87,59.04,59.56,60.41,60.96,61.54,62.03,62.65,63.34,63.53,63.69,64.26,65.16,65.83
5306,Belu,0,Tidak ada,55.78,56.63,57.58,59.12,59.72,60.54,61.04,61.44,61.86,62.54,62.68,62.77,63.22,63.83,64.43
5307,Alor,0,Tidak ada,55.46,56.01,56.47,57.52,58.0,58.5,58.99,59.61,60.14,61.03,61.33,61.37,62.26,62.99,63.82
5308,Lembata,0,Tidak ada,57.78,58.76,59.51,60.56,61.45,62.16,62.81,63.09,63.96,64.91,64.74,64.75,65.47,66.12,66.62
5309,Flores Timur,0,Tidak ada,57.28,58.15,58.93,59.8,60.42,61.24,61.9,62.89,63.55,64.34,64.22,64.22,64.93,65.79,66.29
5310,Sikka,0,Tidak ada,59.04,59.62,60.12,60.84,61.36,61.81,62.42,63.08,63.89,64.75,65.11,65.41,66.06,66.89,67.41
5311,Ende,0,Tidak ada,61.92,62.78,63.93,64.64,65.25,65.54,65.74,66.11,66.62,67.2,67.04,67.3,67.97,68.63,69.11
5312,Ngada,0,Tidak ada,61.84,62.8,63.57,64.43,64.64,65.1,65.61,66.47,67.1,67.76,67.88,67.88,68.26,69.14,69.52
5313,Manggarai,0,Tidak ada,57.18,58.02,58.92,59.49,60.08,60.87,61.67,62.24,63.32,64.15,64.54,65.01,65.83,66.42,67.28
5314,Rote Ndao,0,Tidak ada,54.79,55.78,56.56,57.28,57.82,58.32,59.28,60.51,61.51,62.22,62.39,62.6,63.21,64.0,64.59
5315,Manggarai Barat,0,Tidak ada,57.08,57.75,58.13,59.02,59.64,60.04,60.63,61.65,62.58,63.5,63.89,64.17,64.92,65.81,66.65
5316,Sumba Tengah,0,Tidak ada,55.35,56.21,56.66,57.25,57.6,57.91,58.52,59.39,60.07,61.01,61.53,61.8,62.71,63.48,64.31
5317,Sumba Barat Daya,0,Tidak ada,56.37,57.35,58.22,59.26,59.9,60.53,61.31,61.46,61.89,62.6,62.28,62.29,63.15,63.74,64.27
5318,Nagekeo,0,Tidak ada,60.19,61.05,61.6,62.24,62.71,63.33,63.93,64.74,65.35,65.88,65.81,65.82,66.22,67.07,67.72
5319,Manggarai Timur,0,Tidak ada,54.26,54.97,55.28,55.74,56.58,56.83,57.5,58.51,59.49,60.47,60.85,61.37,62.3,63.24,64.2
5320,Sabu Raijua,0,Tidak ada,,49.16,50.3,51.55,52.51,53.28,54.16,55.22,55.79,56.66,57.02,57.03,57.9,58.89,59.58
5321,Malaka,0,Tidak ada,,,,56.14,56.94,57.51,58.29,58.9,59.66,60.34,60.21,60.42,61.34,62.06,62.73
5371,Kota Kupang,0,Tidak ada,74.81,75.74,76.38,77.24,77.58,77.95,78.14,78.25,78.84,79.55,79.71,79.74,80.2,80.62,81.08
6100,KALIMANTAN BARAT,0,Tidak ada,61.97,62.35,63.41,64.3,64.89,65.59,65.88,66.26,66.98,67.65,67.66,67.9,68.63,69.41,70.13
6101,Sambas,0,Tidak ada,59.81,60.57,61.53,62.47,63.28,64.14,64.94,65.92,66.61,67.02,67.03,67.1,67.95,68.69,69.31
6102,Bengkayang,0,Tidak ada,62.5,62.94,63.42,63.99,64.4,64.65,65.45,65.99,66.85,67.57,67.87,68.04,68.74,69.53,70.3
6103,Landak,0,Tidak ada,60.36,61.67,62.38,62.72,63.59,64.12,64.58,64.93,65.45,65.96,65.98,66.21,67.17,68.14,69.08
6104,Mempawah,0,Tidak ada,59.48,59.95,60.75,62.09,62.78,63.37,63.84,64.0,64.9,65.5,65.74,66.03,66.94,67.92,68.56
6105,Sanggau,0,Tidak ada,60.57,60.96,61.39,61.72,62.06,63.05,63.9,64.61,65.15,65.67,65.77,66.2,66.91,67.77,68.43
6106,Ketapang,0,Tidak ada,60.63,61.47,62.04,62.85,63.27,64.03,64.74,65.71,66.41,67.16,67.17,67.43,67.92,68.68,69.42
6107,Sintang,0,Tidak ada,59.91,60.8,61.66,62.64,63.19,64.18,64.78,65.16,66.07,66.7,66.88,66.93,67.86,68.67,69.42
6108,Kapuas Hulu,0,Tidak ada,59.84,60.83,61.85,62.63,62.9,63.73,63.83,64.18,65.03,65.65,65.69,65.75,66.7,67.67,68.58
6109,Sekadau,0,Tidak ada,59.42,59.76,60.14,61.02,61.98,62.34,62.52,63.04,63.69,64.34,64.76,64.93,65.58,66.33,67.25
6110,Melawi,0,Tidak ada,60.91,61.18,61.58,62.27,62.89,63.78,64.25,64.43,65.05,65.54,65.55,65.87,66.81,67.76,68.66
6111,Kayong Utara,0,Tidak ada,55.83,56.58,57.53,57.92,58.52,60.09,60.87,61.52,61.82,62.66,62.68,62.9,63.81,64.79,65.74
6112,Kubu Raya,0,Tidak ada,61.87,62.56,63.42,63.94,64.52,65.02,65.54,66.31,67.23,67.76,67.95,68.16,68.91,69.6,70.25
6171,Kota Pontianak,0,Tidak ada,74.87,75.08,75.55,75.98,76.63,77.52,77.63,77.93,78.56,79.35,79.44,79.93,80.48,81.03,81.57
6172,Kota Singkawang,0,Tidak ada,67.27,67.5,68.54,69.13,69.84,70.03,70.1,70.25,71.08,71.72,71.94,72.11,72.89,73.39,73.87
6200,KALIMANTAN TENGAH,0,Tidak ada,65.96,66.38,66.66,67.41,67.77,68.53,69.13,69.79,70.42,70.91,71.05,71.25,71.63,72.2,72.73
6201,Kotawaringin Barat,0,Tidak ada,68.43,68.53,68.63,69.51,70.14,70.6,71.13,72.11,72.46,72.85,72.87,73.07,73.41,74.04,74.44
6202,Kotawaringin Timur,0,Tidak ada,65.24,65.6,66.61,67.95,68.45,68.61,69.42,70.17,70.56,71.16,71.31,71.38,71.67,72.21,72.66
6203,Kapuas,0,Tidak ada,63.32,64.01,64.38,64.82,65.29,66.07,66.98,68.04,68.68,69.38,69.48,69.63,70.01,70.75,71.32
6204,Barito Selatan,0,Tidak ada,64.51,65.1,65.76,66.2,66.61,68.27,69.0,69.25,69.73,70.1,70.22,70.54,71.01,71.65,72.36
6205,Barito Utara,0,Tidak ada,63.87,64.36,64.72,65.12,66.3,67.38,68.28,69.07,69.72,70.52,70.59,70.79,71.21,71.84,72.31
6206,Sukamara,0,Tidak ada,62.41,62.86,63.52,63.92,64.44,65.8,66.4,66.98,67.52,67.95,68.03,68.27,68.94,69.44,69.85
6207,Lamandau,0,Tidak ada,65.32,65.99,66.49,67.23,67.53,68.3,68.54,69.17,69.7,70.51,70.51,70.58,71.11,71.81,72.25
6208,Seruyan,0,Tidak ada,61.6,62.16,62.39,62.81,63.49,64.77,65.4,66.14,67.04,67.57,67.58,67.67,68.24,68.68,69.05
6209,Katingan,0,Tidak ada,63.25,64.54,64.87,65.29,65.79,66.81,67.41,67.56,67.91,68.55,68.68,68.89,69.74,70.28,70.7
6210,Pulang Pisau,0,Tidak ada,63.76,64.06,64.28,64.76,65.0,65.76,66.49,67.0,67.54,68.34,68.45,68.53,69.01,69.6,70.27
6211,Gunung Mas,0,Tidak ada,66.33,66.85,67.3,67.75,68.13,69.24,69.73,69.95,70.23,70.65,70.81,71.03,71.4,72.09,72.73
6212,Barito Timur,0,Tidak ada,66.76,67.31,67.97,68.82,69.12,69.71,70.33,70.57,70.82,71.34,71.39,71.47,72.07,72.7,73.26
6213,Murung Raya,0,Tidak ada,63.18,64.39,64.85,65.62,66.1,66.46,66.96,67.16,67.56,67.89,67.98,68.12,68.63,69.42,70.03
6271,Kota Palangka Raya,0,Tidak ada,76.53,76.98,77.4,78.02,78.5,78.62,79.21,79.69,80.34,80.77,80.77,80.82,81.16,81.68,82.2
6300,KALIMANTAN SELATAN,0,Tidak ada,65.2,65.89,66.68,67.17,67.63,68.38,69.05,69.65,70.17,70.72,70.91,71.28,71.84,72.5,73.03
6301,Tanah Laut,0,Tidak ada,63.56,64.35,65.16,66.11,66.5,66.99,67.44,68.0,68.49,69.04,69.38,69.87,70.35,70.98,71.43
6302,Kotabaru,0,Tidak ada,63.64,64.27,64.87,65.41,65.76,66.61,67.1,67.79,68.32,68.95,68.86,69.13,69.74,70.18,70.61
6303,Banjar,0,Tidak ada,64.46,64.75,65.04,65.36,65.71,66.39,66.87,67.77,68.32,68.94,69.18,69.89,70.72,71.46,71.87
6304,Barito Kuala,0,Tidak ada,60.24,60.93,61.62,62.12,62.56,63.53,64.33,64.93,65.91,66.24,66.22,66.64,67.37,68.11,68.84
6305,Tapin,0,Tidak ada,64.89,65.41,65.92,66.48,66.99,67.67,68.05,68.7,69.53,70.13,70.11,70.31,71.02,72.0,72.51
6306,Hulu Sungai Selatan,0,Tidak ada,62.8,63.44,64.03,64.59,65.25,66.31,67.52,67.8,68.41,68.8,68.85,69.21,69.76,70.5,71.21
6307,Hulu Sungai Tengah,0,Tidak ada,63.49,63.9,64.34,64.63,65.37,66.56,67.07,67.78,68.32,68.8,68.84,69.05,69.7,70.13,70.69
6308,Hulu Sungai Utara,0,Tidak ada,58.5,59.24,60.12,60.77,61.32,62.49,63.38,64.21,65.06,65.49,65.59,66.12,66.84,67.66,68.28
6309,Tabalong,0,Tidak ada,65.87,66.6,67.36,68.08,68.36,69.35,70.07,70.76,71.14,71.78,72.19,72.6,73.13,73.85,74.41
6310,Tanah Bumbu,0,Tidak ada,64.98,65.59,66.13,66.51,66.94,67.58,68.28,69.12,70.05,70.5,70.71,71.0,71.79,72.31,72.95
6311,Balangan,0,Tidak ada,62.88,63.28,63.69,64.03,64.44,65.34,66.25,67.25,67.88,68.39,68.82,69.11,69.73,70.49,71.34
6371,Kota Banjarmasin,0,Tidak ada,71.01,72.01,73.45,74.59,74.94,75.41,75.94,76.46,76.83,77.16,77.1,77.57,77.97,78.5,79.05
6372,Kota Banjar Baru,0,Tidak ada,75.49,76.23,76.67,77.1,77.3,77.56,77.96,78.32,78.83,79.22,79.1,79.26,79.68,80.11,80.51
6400,KALIMANTAN TIMUR,0,Tidak ada,71.31,72.02,72.62,73.21,73.82,74.17,74.59,75.12,75.83,76.61,76.24,76.88,77.44,78.2,78.83
6401,Paser,0,Tidak ada,66.54,67.11,68.18,69.61,69.87,70.3,71.0,71.16,71.61,72.29,72.04,72.93,73.44,74.14,74.7
6402,Kutai Barat,0,Tidak ada,65.9,66.92,67.14,68.13,68.91,69.34,69.99,70.18,70.69,71.63,71.19,72.07,72.92,73.72,74.5
6403,Kutai Kartanegara,0,Tidak ada,67.45,68.47,69.12,70.71,71.2,71.78,72.19,72.75,73.15,73.78,73.59,74.06,74.67,75.3,75.91
6404,Kutai Timur,0,Tidak ada,66.94,67.73,68.71,69.79,70.39,70.76,71.1,71.91,72.56,73.49,73.0,73.81,74.35,74.98,75.53
6405,Berau,0,Tidak ada,69.16,70.43,70.77,72.02,72.26,72.72,73.05,73.56,74.01,74.88,74.71,75.2,75.74,76.21,76.66
6409,Penajam Paser Utara,0,Tidak ada,66.37,66.92,67.17,68.07,68.6,69.26,69.96,70.59,71.13,71.64,71.41,72.01,72.55,73.3,73.9
6411,Mahakam Ulu,0,Tidak ada,,,,63.81,64.32,64.89,65.51,66.09,66.67,67.58,67.09,67.95,68.75,69.59,70.35
6471,Kota Balikpapan,0,Tidak ada,75.55,76.02,76.56,77.53,77.93,78.18,78.57,79.01,79.81,80.11,80.01,80.71,81.13,81.66,82.24
6472,Kota Samarinda,0,Tidak ada,75.85,77.05,77.34,77.84,78.39,78.69,78.91,79.46,79.93,80.2,80.11,80.76,81.43,82.32,82.81
6474,Kota Bontang,0,Tidak ada,76.97,77.25,77.55,78.34,78.58,78.78,78.92,79.47,79.86,80.09,80.02,80.59,80.94,81.56,82.42
6500,KALIMANTAN UTARA,0,Tidak ada,,,,67.99,68.64,68.76,69.2,69.84,70.56,71.15,70.63,71.19,71.83,72.49,73.02
6501,Malinau,0,Tidak ada,66.9,68.15,68.88,69.84,70.0,70.15,70.71,71.23,71.74,72.06,71.94,72.32,72.75,73.19,73.9
6502,Bulungan,0,Tidak ada,66.79,67.63,68.16,68.66,69.25,69.37,69.88,70.74,71.23,71.66,71.1,71.8,72.08,72.72,73.34
6503,Tana Tidung,0,Tidak ada,61.16,61.92,62.91,63.79,64.7,64.92,65.64,66.26,67.05,67.79,66.97,67.76,68.6,69.2,70.08
6504,Nunukan,0,Tidak ada,60.33,60.64,61.18,62.18,63.13,63.35,64.35,65.1,65.67,66.32,65.79,66.46,67.16,67.7,68.52
6571,Kota Tarakan,0,Tidak ada,70.95,71.6,72.53,73.58,74.6,74.7,74.88,75.27,75.69,76.09,75.83,76.23,76.68,77.53,77.96
7100,SULAWESI UTARA,0,Tidak ada,67.83,68.31,69.04,69.49,69.96,70.39,71.05,71.66,72.2,72.99,72.93,73.3,73.81,74.36,75.03
7101,Bolaang Mongondow,0,Tidak ada,62.75,63.16,63.78,64.16,64.53,65.03,65.73,66.08,66.91,67.82,67.89,68.16,68.95,69.62,70.29
7102,Minahasa,0,Tidak ada,70.38,70.82,71.43,71.94,72.76,73.59,74.37,74.59,74.97,75.47,75.29,75.73,76.18,76.96,77.74
7103,Kepulauan Sangihe,0,Tidak ada,64.69,65.34,65.87,66.15,66.82,67.56,68.52,69.14,69.67,70.53,70.73,71.07,71.63,72.22,72.71
7104,Kepulauan Talaud,0,Tidak ada,64.37,64.86,65.51,66.14,66.56,66.92,67.58,67.74,68.32,68.97,69.4,69.83,70.43,71.14,71.77
7105,Minahasa Selatan,0,Tidak ada,66.11,66.61,67.26,67.68,68.36,69.18,69.97,70.05,70.86,71.68,72.11,72.32,72.89,73.66,74.17
7106,Minahasa Utara,0,Tidak ada,68.74,69.62,70.0,70.19,70.54,71.09,71.49,72.2,73.05,73.95,73.9,74.11,74.69,75.31,75.89
7107,Bolaang Mongondow Utara,0,Tidak ada,61.34,62.11,62.88,63.67,64.24,64.46,65.16,65.6,66.32,66.91,66.99,67.39,68.06,68.64,69.32
7108,Siau Tagulandang Biaro,0,Tidak ada,61.83,62.45,63.35,63.91,64.35,65.0,65.66,66.03,66.75,67.48,67.64,68.05,68.94,69.57,70.31
7109,Minahasa Tenggara,0,Tidak ada,65.66,66.07,67.1,67.34,67.86,68.05,68.42,68.91,69.66,70.47,70.51,71.06,71.48,71.93,72.66
7110,Bolaang Mongondow Selatan,0,Tidak ada,59.77,60.47,61.48,62.84,63.57,63.72,63.92,64.05,64.49,65.28,65.0,65.42,65.9,66.4,67.14
7111,Bolaang Mongondow Timur,0,Tidak ada,60.04,60.93,61.93,62.64,63.12,63.81,64.44,64.73,65.21,66.08,65.99,66.55,67.21,67.95,68.53
7171,Kota Manado,0,Tidak ada,74.47,75.47,76.15,76.56,77.27,77.32,77.59,78.05,78.41,79.12,78.93,79.2,79.66,80.14,80.63
7172,Kota Bitung,0,Tidak ada,68.86,69.31,69.89,70.35,70.88,71.64,72.43,72.94,73.27,74.2,74.1,74.2,74.7,75.11,75.71
7173,Kota Tomohon,0,Tidak ada,71.27,71.85,72.5,72.99,73.56,74.36,74.91,75.34,75.78,76.67,76.69,76.86,77.44,78.1,78.89
7174,Kota Kotamobagu,0,Tidak ada,67.89,68.57,69.31,69.86,70.46,70.7,71.68,72.0,72.55,73.22,72.97,73.47,73.96,74.43,75.27
7200,SULAWESI TENGAH,0,Tidak ada,63.29,64.27,65.0,65.79,66.43,66.76,67.47,68.11,68.88,69.5,69.55,69.79,70.28,70.95,71.56
7201,Banggai Kepulauan,0,Tidak ada,59.42,60.54,61.09,61.74,62.33,62.97,63.45,64.07,64.68,65.13,65.42,65.61,66.08,66.82,67.43
7202,Banggai,0,Tidak ada,64.09,64.63,65.44,66.39,67.11,67.44,68.17,69.0,69.85,70.36,70.52,70.6,71.08,71.7,72.32
7203,Morowali,0,Tidak ada,65.25,66.03,66.48,66.86,67.91,69.12,69.69,70.41,71.14,72.02,72.21,72.29,72.55,73.02,73.54
7204,Poso,0,Tidak ada,64.81,65.59,66.2,66.94,67.65,68.13,68.83,69.78,70.68,71.4,71.28,71.45,71.93,72.48,72.87
7205,Donggala,0,Tidak ada,59.73,60.15,61.33,63.38,63.55,63.82,64.42,64.66,65.14,65.49,65.56,65.72,66.25,66.95,67.45
7206,Toli-Toli,0,Tidak ada,58.18,59.12,60.05,61.44,61.91,62.72,63.27,64.05,64.6,65.42,65.69,66.3,66.76,67.66,68.37
7207,Buol,0,Tidak ada,62.21,63.03,63.98,64.5,65.41,65.61,66.37,66.69,67.3,67.69,67.82,68.25,68.72,69.57,70.28
7208,Parigi Moutong,0,Tidak ada,59.17,60.36,61.13,61.98,62.2,62.79,63.6,64.09,64.85,65.47,65.44,65.82,66.26,67.11,67.49
7209,Tojo Una-Una,0,Tidak ada,58.33,58.87,59.55,60.32,61.15,61.33,62.27,62.61,63.38,64.52,64.59,64.74,65.54,66.39,66.97
7210,Sigi,0,Tidak ada,60.81,61.76,62.88,64.1,64.64,65.35,65.95,66.72,67.66,68.16,68.12,68.49,69.05,69.93,70.51
7211,Banggai Laut,0,Tidak ada,,,,61.86,62.12,62.9,63.49,64.08,64.8,65.27,65.43,65.65,66.22,66.93,67.43
7212,Morowali Utara,0,Tidak ada,,,,65.01,65.81,66.0,66.57,67.35,67.95,68.45,68.36,68.48,68.97,69.73,70.58
7271,Kota Palu,0,Tidak ada,77.39,78.1,78.36,78.65,79.12,79.63,79.73,80.24,80.91,81.5,81.47,81.7,82.02,82.52,82.88
7300,SULAWESI SELATAN,0,Tidak ada,66.0,66.65,67.26,67.92,68.49,69.15,69.76,70.34,70.9,71.66,71.93,72.24,72.82,73.46,74.05
7301,Kepulauan Selayar,0,Tidak ada,62.15,62.53,62.87,63.16,63.66,64.32,64.95,65.39,66.04,66.91,67.38,67.76,68.35,69.2,70.03
7302,Bulukumba,0,Tidak ada,62.73,63.36,63.82,64.27,65.24,65.58,66.46,67.08,67.7,68.28,68.99,69.62,70.34,71.21,71.97
7303,Bantaeng,0,Tidak ada,62.46,63.07,63.99,64.88,65.77,66.2,66.59,67.27,67.76,68.3,68.73,68.99,69.69,70.57,71.48
7304,Jeneponto,0,Tidak ada,58.31,58.95,59.62,60.55,61.45,61.61,61.81,62.67,63.33,64.0,64.26,64.56,65.13,65.9,66.38
7305,Takalar,0,Tidak ada,60.23,60.83,61.66,62.58,63.53,64.07,64.96,65.48,66.07,66.94,67.31,67.72,68.31,68.9,69.47
7306,Gowa,0,Tidak ada,63.83,64.42,64.65,65.45,66.12,66.87,67.7,68.33,68.87,69.66,70.14,70.29,70.99,71.57,72.26
7307,Sinjai,0,Tidak ada,61.31,62.13,62.74,63.47,63.83,64.48,65.36,65.8,66.24,67.05,67.6,67.75,68.33,68.92,69.52
7308,Maros,0,Tidak ada,64.07,64.95,65.5,66.06,66.65,67.13,67.76,68.42,68.94,69.5,69.86,70.41,71.0,71.63,72.11
7309,Pangkajene dan Kepulauan,0,Tidak ada,62.79,63.6,64.3,65.24,66.16,66.65,66.86,67.25,67.71,68.29,68.72,69.21,69.79,70.59,71.22
7310,Barru,0,Tidak ada,64.94,65.73,66.07,67.02,67.94,68.64,69.07,69.56,70.05,70.6,71.0,71.13,71.53,72.36,73.06
7311,Bone,0,Tidak ada,59.69,60.21,60.77,61.4,62.09,63.11,63.86,64.16,65.04,65.67,66.06,66.4,67.01,67.81,68.36
7312,Soppeng,0,Tidak ada,63.51,63.8,64.05,64.43,64.74,65.33,65.95,66.67,67.6,68.26,68.67,68.99,69.7,70.58,71.39
7313,Wajo,0,Tidak ada,63.07,64.0,64.88,65.79,66.49,66.9,67.52,68.18,68.57,69.05,69.15,69.62,70.26,71.1,71.52
7314,Sidenreng Rappang,0,Tidak ada,65.54,65.88,66.19,67.15,68.14,69.0,69.39,69.84,70.6,71.05,71.21,71.54,72.06,72.71,73.21
7315,Pinrang,0,Tidak ada,66.25,66.96,67.64,68.14,68.92,69.24,69.42,69.9,70.62,71.12,71.26,71.45,71.97,72.84,73.55
7316,Enrekang,0,Tidak ada,66.27,67.03,67.74,68.39,69.37,70.03,70.79,71.44,72.15,72.66,72.76,72.91,73.39,73.89,74.61
7317,Luwu,0,Tidak ada,63.95,64.71,65.43,66.39,67.34,68.11,68.71,69.02,69.6,70.39,70.51,70.85,71.36,72.16,72.79
7318,Tana Toraja,0,Tidak ada,62.83,63.22,63.96,64.55,65.08,65.75,66.25,66.82,67.66,68.25,68.75,69.49,69.88,70.73,71.67
7322,Luwu Utara,0,Tidak ada,64.77,65.57,65.99,66.4,66.9,67.44,67.81,68.35,68.79,69.46,69.57,70.02,70.51,71.34,72.07
7325,Luwu Timur,0,Tidak ada,68.47,68.94,69.34,69.53,69.75,70.43,70.95,71.46,72.16,72.8,73.22,73.34,73.92,74.35,74.95
7326,Toraja Utara,0,Tidak ada,63.51,64.48,64.89,65.65,66.15,66.76,67.49,67.9,68.49,69.23,69.33,69.75,70.36,71.23,71.85
7371,Kota Makasar,0,Tidak ada,77.63,77.82,78.47,78.98,79.35,79.94,80.53,81.13,81.73,82.25,82.25,82.66,83.12,83.52,83.9
7372,Kota Parepare,0,Tidak ada,73.55,74.2,74.67,75.1,75.66,76.31,76.48,76.68,77.19,77.62,77.86,78.21,78.54,79.03,79.64
7373,Kota Palopo,0,Tidak ada,73.03,74.02,74.54,75.02,75.65,76.27,76.45,76.71,77.3,77.98,78.06,78.38,78.91,79.45,79.94
7400,SULAWESI TENGGARA,0,Tidak ada,65.99,66.52,67.07,67.55,68.07,68.75,69.31,69.86,70.61,71.2,71.45,71.66,72.23,72.79,73.48
7401,Buton,0,Tidak ada,59.44,60.12,61.38,61.83,62.31,62.78,63.69,64.47,65.08,65.67,65.98,66.32,67.23,68.12,68.88
7402,Muna,0,Tidak ada,62.57,63.08,63.76,64.67,65.09,65.99,66.96,67.61,68.47,68.97,69.02,69.17,69.61,70.16,71.05
7403,Konawe,0,Tidak ada,66.55,67.16,67.51,68.23,68.68,69.56,69.84,70.24,70.72,71.29,71.35,71.48,72.04,72.77,73.39
7404,Kolaka,0,Tidak ada,67.76,68.27,68.86,69.55,70.2,70.47,71.12,71.46,72.07,73.01,73.45,73.56,73.98,74.72,75.18
7405,Konawe Selatan,0,Tidak ada,63.2,63.65,64.05,65.02,65.6,66.32,66.97,67.23,67.51,67.88,68.2,68.58,69.36,70.32,71.19
7406,Bombana,0,Tidak ada,59.85,60.84,61.82,62.82,63.38,63.65,64.02,64.49,65.04,65.65,66.05,66.25,66.81,67.43,68.15
7407,Wakatobi,0,Tidak ada,63.26,64.67,65.24,66.5,66.95,67.22,67.5,67.99,68.52,68.99,69.48,69.87,70.85,71.43,72.02
7408,Kolaka Utara,0,Tidak ada,63.17,63.98,64.49,65.35,65.76,66.9,67.6,67.77,68.44,68.91,69.31,69.5,70.39,71.04,71.7
7409,Buton Utara,0,Tidak ada,60.94,61.58,62.69,64.2,64.65,65.23,65.95,66.4,67.13,67.68,67.87,68.08,69.0,69.7,70.6
7410,Konawe Utara,0,Tidak ada,63.74,64.25,64.87,65.54,66.03,66.44,67.2,67.71,68.5,69.22,69.86,70.23,71.1,71.71,72.32
7411,Kolaka Timur,0,Tidak ada,,,,61.78,62.13,62.74,63.6,64.55,65.53,66.49,67.02,67.76,68.73,69.57,70.27
7412,Konawe Kepulauan,0,Tidak ada,,,,61.15,61.31,61.72,62.56,63.44,64.36,65.05,65.41,65.73,66.69,67.32,67.99
7413,Muna Barat,0,Tidak ada,,,,,61.92,62.29,62.57,63.43,64.11,64.45,65.08,65.48,66.21,67.13,68.06
7414,Buton Tengah,0,Tidak ada,,,,,61.69,62.13,62.56,62.82,63.46,64.06,64.37,64.55,65.29,65.83,66.47
7415,Buton Selatan,0,Tidak ada,,,,,61.51,62.0,62.55,63.2,63.47,64.37,64.93,64.99,65.44,66.15,67.0
7471,Kota Kendari,0,Tidak ada,78.13,79.43,79.97,80.91,81.3,81.43,81.66,81.83,82.22,82.86,83.53,84.15,84.51,84.85,85.33
7472,Kota Baubau,0,Tidak ada,70.6,71.11,71.65,72.55,73.13,73.59,73.99,74.14,74.67,75.21,75.9,76.26,76.67,77.52,78.13
7500,GORONTALO,0,Tidak ada,62.65,63.48,64.16,64.7,65.17,65.86,66.29,67.01,67.71,68.49,68.68,69.0,69.81,70.45,71.23
7501,Boalemo,0,Tidak ada,59.92,60.52,61.11,61.71,62.18,62.86,63.42,64.22,64.99,65.53,65.91,66.42,67.27,68.18,68.74
7502,Gorontalo,0,Tidak ada,60.0,61.04,61.87,62.22,62.9,63.63,64.22,64.95,65.78,66.69,66.92,67.34,68.28,69.09,69.66
7503,Pohuwato,0,Tidak ada,59.11,59.85,60.48,61.38,61.74,62.5,63.17,63.88,64.44,65.27,65.37,65.8,66.53,67.15,68.02
7504,Bone Bolango,0,Tidak ada,64.0,64.44,65.13,65.82,66.03,66.83,67.48,68.11,69.06,69.63,69.98,70.25,70.9,71.51,72.38
7505,Gorontalo Utara,0,Tidak ada,59.26,59.95,60.71,61.6,61.92,62.55,63.02,63.52,64.06,64.52,64.86,65.21,66.01,66.61,67.46
7571,Kota Gorontalo,0,Tidak ada,73.07,73.56,74.06,74.43,74.97,75.62,75.75,76.09,76.53,77.08,77.13,77.41,78.22,78.64,79.18
7600,SULAWESI BARAT,0,Tidak ada,59.74,60.63,61.01,61.53,62.24,62.96,63.6,64.3,65.1,65.73,66.11,66.36,66.92,67.55,68.2
7601,Majene,0,Tidak ada,61.67,62.56,63.06,63.32,63.74,64.4,64.8,65.4,66.01,66.59,66.91,67.29,67.84,68.62,69.42
7602,Polewali Mandar,0,Tidak ada,57.44,58.26,58.62,59.27,60.09,60.87,61.51,62.35,63.14,63.74,63.84,64.23,64.79,65.59,66.22
7603,Mamasa,0,Tidak ada,60.88,61.45,61.95,62.57,62.85,63.17,63.51,63.92,64.66,65.32,66.02,66.63,67.21,67.83,68.37
7604,Mamuju,0,Tidak ada,61.65,62.28,63.24,64.17,64.71,65.09,65.65,66.32,67.11,67.72,68.15,68.32,68.88,69.61,70.4
7605,Mamuju Utara / Pasangkayu,0,Tidak ada,61.29,62.23,63.0,63.76,64.04,64.69,65.17,65.67,66.6,67.27,67.79,68.03,68.61,69.11,69.73
7606,Mamuju Tengah,0,Tidak ada,,,,61.05,61.48,62.22,62.89,63.64,64.43,65.1,65.71,66.18,66.89,67.45,68.36
8100,MALUKU,0,Tidak ada,64.27,64.75,65.43,66.09,66.74,67.05,67.6,68.19,68.87,69.45,69.49,69.71,70.22,70.94,71.57
8101,Maluku Tenggara Barat / Kepulauan Tanimbar,0,Tidak ada,57.08,57.69,58.56,59.34,59.81,60.26,61.12,61.64,62.39,62.86,62.86,62.97,63.45,64.16,64.83
8102,Maluku Tenggara,0,Tidak ada,60.58,60.96,61.75,62.11,62.74,63.35,64.2,64.94,65.53,65.85,66.2,66.33,66.88,67.57,68.24
8103,Maluku Tengah,0,Tidak ada,66.12,66.64,67.3,67.89,68.69,68.85,69.54,70.09,70.6,71.25,71.25,71.32,71.81,72.45,73.21
8104,Buru,0,Tidak ada,61.6,62.5,63.5,64.31,65.15,65.75,66.63,67.61,68.25,68.91,68.95,69.33,69.94,70.56,71.01
8105,Kepulauan Aru,0,Tidak ada,58.22,58.6,59.17,59.62,59.91,60.5,61.32,62.13,63.12,63.64,63.71,63.83,64.21,65.01,65.83
8106,Seram Bagian Barat,0,Tidak ada,59.9,60.59,61.47,61.79,62.39,63.02,63.76,64.34,65.14,65.49,65.62,65.83,66.67,67.56,68.39
8107,Seram Bagian Timur,0,Tidak ada,57.88,58.07,58.47,58.88,59.5,60.27,61.15,62.06,62.98,63.74,64.12,64.3,65.05,65.82,66.24
8108,Maluku Barat Daya,0,Tidak ada,55.75,56.1,56.74,57.34,58.09,58.64,59.43,60.16,60.64,61.55,61.9,62.37,63.07,63.93,64.86
8109,Buru Selatan,0,Tidak ada,57.3,57.98,58.91,59.89,60.74,61.48,62.19,62.75,63.62,64.42,64.69,64.8,65.37,66.23,67.09
8171,Kota Ambon,0,Tidak ada,76.07,76.7,77.49,78.16,79.09,79.3,79.55,79.82,80.24,80.81,80.84,81.23,81.63,82.06,82.56
8172,Kota Tual,0,Tidak ada,61.7,62.69,63.56,64.16,64.95,65.2,65.64,66.25,67.21,67.74,67.96,68.16,68.6,69.43,70.21
8200,MALUKU UTARA,0,Tidak ada,62.79,63.19,63.93,64.78,65.18,65.91,66.63,67.2,67.76,68.7,68.49,68.76,69.47,70.21,71.03
8201,Halmahera Barat,0,Tidak ada,59.56,60.33,60.71,61.47,62.06,62.97,63.83,64.19,64.54,65.34,65.31,65.56,66.2,66.91,67.53
8202,Halmahera Tengah,0,Tidak ada,58.42,59.34,59.94,60.89,61.49,62.07,63.05,63.89,64.66,65.55,65.42,65.82,66.49,67.48,68.45
8203,Kepulauan Sula,0,Tidak ada,57.06,57.98,58.83,59.77,60.18,60.5,61.25,62.04,62.96,63.64,63.53,63.8,64.7,65.29,65.99
8204,Halmahera Selatan,0,Tidak ada,58.22,58.86,59.5,59.92,60.34,61.26,62.17,62.64,63.39,64.11,63.84,64.19,65.06,65.83,66.66
8205,Halmahera Utara,0,Tidak ada,61.46,62.31,62.94,63.81,64.18,65.04,66.02,66.52,67.3,67.75,67.5,67.82,68.38,69.05,69.78
8206,Halmahera Timur,0,Tidak ada,60.06,60.77,61.73,62.71,63.26,63.99,64.92,65.77,66.2,66.74,66.75,67.0,67.93,68.82,69.58
8207,Pulau Morotai,0,Tidak ada,,56.63,57.16,57.97,58.34,59.27,59.87,60.71,61.39,62.38,62.5,62.9,63.8,64.73,65.68
8208,Pulau Taliabu,0,Tidak ada,,,,56.86,57.31,58.26,58.66,59.03,59.67,60.62,60.48,60.73,61.64,62.31,62.9
8271,Kota Ternate,0,Tidak ada,74.86,75.52,75.81,76.69,77.15,77.64,77.8,78.48,79.13,80.03,79.82,80.14,80.81,81.35,82.12
8272,Kota Tidore Kepulauan,0,Tidak ada,64.48,64.8,65.42,66.25,66.76,67.45,68.37,69.25,69.89,70.83,70.53,70.99,71.55,72.4,72.91
9100,PAPUA BARAT,0,Tidak ada,59.6,59.9,60.3,60.91,61.28,61.73,62.21,62.99,63.74,64.7,65.09,65.26,65.16,66.16,67.02
9101,Fakfak,0,Tidak ada,60.95,61.94,62.56,64.29,64.73,64.92,65.55,66.09,66.99,67.87,68.36,68.52,69.12,69.72,70.39
9102,Kaimana,0,Tidak ada,57.25,57.87,58.99,60.36,61.07,61.33,62.15,62.74,63.67,64.59,65.0,65.31,66.11,66.72,67.6
9103,Teluk Wondama,0,Tidak ada,52.97,53.74,54.69,55.65,56.27,56.64,57.16,58.1,58.86,59.82,60.21,60.33,60.87,61.67,62.36
9104,Teluk Bintuni,0,Tidak ada,56.99,57.87,58.84,59.73,60.4,61.09,61.81,62.39,63.13,64.0,64.55,64.65,65.27,66.0,66.75
9105,Manokwari,0,Tidak ada,66.29,67.28,67.86,68.81,69.35,69.91,70.34,70.67,71.17,71.67,72.01,72.02,72.6,73.21,73.83
9106,Sorong Selatan,0,Tidak ada,54.24,56.01,56.87,57.73,58.24,58.6,59.2,60.19,61.01,61.93,62.42,62.46,63.08,63.94,
9107,Sorong,0,Tidak ada,57.56,58.56,59.18,60.86,61.23,61.86,62.42,63.42,64.32,65.29,65.74,65.77,66.69,67.49,
9108,Raja Ampat,0,Tidak ada,57.36,58.37,59.06,60.36,60.86,61.23,61.95,62.35,62.84,63.66,63.89,63.92,64.65,65.26,
9109,Tambrauw,0,Tidak ada,,45.97,47.18,48.69,49.4,49.77,50.35,51.01,51.95,52.9,53.45,53.71,54.63,55.55,
9110,Maybrat,0,Tidak ada,,53.29,54.13,54.93,55.36,55.78,56.35,57.23,58.16,59.15,59.52,59.7,60.49,61.29,
9111,Manokwari Selatan,0,Tidak ada,,,,54.95,55.32,56.59,57.12,58.08,58.84,59.72,59.84,59.85,60.68,61.55,62.45
9112,Pegunungan Arfak,0,Tidak ada,,,,53.36,53.69,53.73,53.89,54.39,55.31,56.15,56.33,56.13,57.01,57.82,58.73
9171,Kota Sorong,0,Tidak ada,71.96,72.8,73.89,74.96,75.78,75.91,76.33,76.73,77.35,77.98,78.45,78.49,78.98,79.65,
9200,PAPUA BARAT DAYA,0,Tidak ada,,,,,,,,,,,,,67.59,68.05,68.63
9201,Raja Ampat,0,Tidak ada,,,,,,,,,,,,,64.65,65.26,65.86
9202,Sorong,0,Tidak ada,,,,,,,,,,,,,66.69,67.49,68.29
9203,Sorong Selatan,0,Tidak ada,,,,,,,,,,,,,63.08,63.94,64.5
9204,Maybrat,0,Tidak ada,,,,,,,,,,,,,60.49,61.29,61.83
9205,Tambrauw,0,Tidak ada,,,,,,,,,,,,,54.63,55.55,56.32
9271,Kota Sorong,0,Tidak ada,,,,,,,,,,,,,78.98,79.65,79.93
9400,PAPUA,0,Tidak ada,54.45,55.01,55.55,56.25,56.75,57.25,58.05,59.09,60.06,60.84,60.44,60.62,71.76,72.41,73.0
9401,Merauke,0,Tidak ada,65.58,66.03,66.28,66.88,67.33,67.75,68.09,68.64,69.38,69.98,70.09,70.49,71.24,72.19,
9402,Jayawijaya,0,Tidak ada,50.79,51.66,52.27,52.94,53.37,54.18,54.96,55.99,56.82,57.79,58.03,58.67,59.6,60.5,
9403,Jayapura,0,Tidak ada,67.15,68.04,68.85,69.21,69.55,70.04,70.5,70.97,71.25,71.84,71.69,72.03,72.67,73.5,74.11
9404,Nabire,0,Tidak ada,64.49,64.96,65.28,65.45,66.25,66.49,66.64,67.11,67.7,68.53,68.83,69.15,69.91,70.84,
9408,Kepulauan Yapen,0,Tidak ada,63.5,63.82,64.11,64.34,64.89,65.28,65.55,66.07,67.0,67.76,67.66,67.72,68.41,69.11,69.65
9409,Biak Numfor,0,Tidak ada,68.22,68.8,69.05,69.35,70.32,70.85,71.13,71.56,71.96,72.57,72.19,72.33,72.85,73.46,73.98
9410,Paniai,0,Tidak ada,52.57,53.02,53.34,53.7,53.93,54.2,54.34,54.91,55.83,56.58,56.31,56.7,57.14,57.91,
9411,Puncak Jaya,0,Tidak ada,38.83,40.36,41.85,43.36,44.32,44.87,45.49,46.57,47.39,48.33,48.37,48.99,49.84,50.81,
9412,Mimika,0,Tidak ada,67.96,68.74,68.95,69.5,70.4,70.89,71.64,72.42,73.15,74.13,74.19,74.48,75.08,75.91,
9413,Boven Digoel,0,Tidak ada,56.15,56.89,57.45,57.96,58.21,59.02,59.35,60.14,60.83,61.51,61.53,61.62,62.52,63.46,
9414,Mappi,0,Tidak ada,54.09,54.61,55.09,55.51,55.74,56.11,56.54,57.1,57.72,58.3,58.15,58.7,59.61,60.57,
9415,Asmat,0,Tidak ada,43.69,44.58,45.08,45.54,45.91,46.62,47.31,48.49,49.37,50.37,50.55,51.29,52.22,53.19,
9416,Yahukimo,0,Tidak ada,40.63,41.72,43.82,45.63,46.36,46.63,47.13,47.95,48.51,49.25,49.37,49.48,50.25,51.19,
9417,Pegunungan Bintang,0,Tidak ada,35.45,36.61,37.82,38.94,39.68,40.91,41.9,43.24,44.22,45.21,45.44,46.28,47.21,48.18,
9418,Tolikara,0,Tidak ada,43.44,44.41,44.86,45.68,46.16,46.38,47.11,47.89,48.85,49.68,49.5,49.6,50.51,51.48,
9419,Sarmi,0,Tidak ada,56.98,57.96,59.03,59.51,60.48,60.99,61.27,62.31,63.0,63.45,63.63,63.94,64.86,65.8,66.72
9420,Keerom,0,Tidak ada,60.0,60.65,61.13,62.49,62.73,63.43,64.1,64.99,65.75,66.59,66.4,66.49,67.24,68.08,68.68
9426,Waropen,0,Tidak ada,59.98,60.94,61.32,61.68,61.97,62.35,63.1,64.08,64.8,65.34,64.94,65.1,65.67,66.46,66.92
9427,Supiori,0,Tidak ada,57.71,58.31,58.86,59.4,59.7,60.09,60.59,61.23,61.84,62.3,62.3,62.72,63.65,64.61,65.15
9428,Mamberamo Raya,0,Tidak ada,44.89,45.82,46.62,47.28,47.88,48.29,49.0,50.25,51.24,52.2,51.78,52.18,53.1,54.08,55.0
9429,Nduga,0,Tidak ada,19.62,21.12,23.07,24.42,25.38,25.47,26.56,27.87,29.42,30.75,31.55,32.84,34.1,35.19,
9430,Lanny Jaya,0,Tidak ada,41.49,41.9,42.53,43.05,43.28,44.18,45.16,46.49,47.34,48.0,47.86,48.68,49.62,50.56,
9431,Mamberamo Tengah,0,Tidak ada,39.37,40.17,41.39,42.43,43.19,43.55,44.15,45.5,46.41,47.23,47.57,48.32,49.25,50.22,
9432,Yalimo,0,Tidak ada,38.47,40.45,41.84,43.33,44.21,44.32,44.95,46.19,47.13,48.08,48.34,49.01,49.9,50.87,
9433,Puncak,0,Tidak ada,33.44,35.08,36.85,37.73,38.05,39.41,39.96,41.06,41.81,42.7,43.04,43.17,43.87,44.59,
9434,Dogiyai,0,Tidak ada,47.48,48.48,50.59,51.46,52.25,52.78,53.32,54.04,54.44,55.41,54.84,55.0,55.72,56.7,
9435,Intan Jaya,0,Tidak ada,,40.07,41.89,42.69,43.51,44.35,44.82,45.68,46.55,47.51,47.79,48.34,49.25,50.19,
9436,Deiyai,0,Tidak ada,,46.12,46.94,47.74,48.12,48.28,48.5,49.07,49.55,50.11,49.46,49.96,50.42,51.18,
9471,Kota Jayapura,0,Tidak ada,76.69,76.97,77.25,77.46,77.86,78.05,78.56,79.23,79.58,80.16,79.94,80.11,80.61,81.14,81.67
9500,PAPUA SELATAN,0,Tidak ada,,,,,,,,,,,,,65.74,67.27,67.9
9501,Merauke,0,Tidak ada,,,,,,,,,,,,,71.24,72.19,72.73
9502,Boven Digoel,0,Tidak ada,,,,,,,,,,,,,62.52,63.46,64.26
9503,Mappi,0,Tidak ada,,,,,,,,,,,,,59.61,60.57,61.51
9504,Asmat,0,Tidak ada,,,,,,,,,,,,,52.22,53.19,53.92
9600,PAPUA TENGAH,0,Tidak ada,,,,,,,,,,,,,58.25,58.93,59.75
9601,Mimika,0,Tidak ada,,,,,,,,,,,,,75.08,75.91,76.85
9602,Dogiyai,0,Tidak ada,,,,,,,,,,,,,55.72,56.7,57.68
9603,Deiyai,0,Tidak ada,,,,,,,,,,,,,50.42,51.18,52.07
9604,Nabire,0,Tidak ada,,,,,,,,,,,,,69.91,70.84,71.77
9605,Paniai,0,Tidak ada,,,,,,,,,,,,,57.14,57.91,58.69
9606,Intan Jaya,0,Tidak ada,,,,,,,,,,,,,49.25,50.19,50.71
9607,Puncak,0,Tidak ada,,,,,,,,,,,,,43.87,44.59,45.6
9608,Puncak Jaya,0,Tidak ada,,,,,,,,,,,,,49.84,50.81,51.78
9700,PAPUA PEGUNUNGAN,0,Tidak ada,,,,,,,,,,,,,51.7,52.45,53.42
9701,Nduga,0,Tidak ada,,,,,,,,,,,,,34.1,35.19,36.3
9702,Jayawijaya,0,Tidak ada,,,,,,,,,,,,,59.6,60.5,61.03
9703,Lanny Jaya,0,Tidak ada,,,,,,,,,,,,,49.62,50.56,51.59
9704,Tolikara,0,Tidak ada,,,,,,,,,,,,,50.51,51.48,52.05
9705,Mamberamo Tengah,0,Tidak ada,,,,,,,,,,,,,49.25,50.22,50.72
9706,Yalimo,0,Tidak ada,,,,,,,,,,,,,49.9,50.87,51.85
9707,Yahukimo,0,Tidak ada,,,,,,,,,,,,,50.25,51.19,51.98
9708,Pegunungan Bintang,0,Tidak ada,,,,,,,,,,,,,47.21,48.18,49.36
9999,INDONESIA,0,Tidak ada,66.53,67.09,67.7,68.31,68.9,69.55,70.18,70.81,71.39,71.92,71.94,72.29,72.91,73.55,74.2
